目标院校,学院,目标院校可申请专业,院校背景要求,专业背景要求,GPA要求 四分制或百分制,语言要求,实习实践（背景提升）要求,实习实践（背景提升）要求-中文,作品集要求
达特茅斯学院Dartmouth College,Department of Computer Science计算机工程学院,Master of Computer Science with a Concentration in Digital Arts计算机科学之数字艺术,无名单限制,所有学生都将成功完成四年制学院/大学的本科学位。所有学生必须完成达特茅斯的CS1和CS10课程，成绩为B+或更高。学生还应至少主修或辅修其中一个领域，我们认为是视觉计算和数字艺术的基础领域。这些包括但不限于：计算机科学、数字艺术、工程、工作室艺术/设计、计算机动画/建模、计算摄影、物理或数学、建筑,官网无要求，建议GPA接近满绩,IELTS 7.0 + TOEFL 100 + Duolinguo 135+,在简历中罗列相关的实习经历、科研经历、出版物经历、个人荣誉、社区经历、领导力经历等内容,在简历中罗列相关的实习经历、科研经历、出版物经历、个人荣誉、社区经历、领导力经历等内容,申请计算机科学硕士并专注于数字艺术的学生需要分享他们的作品集链接
哈佛大学Harvard University,Graduate School of Design设计学院,Master in Design Studies (MDes)设计研究,无名单限制,官网无要求,官网无要求，建议GPA接近满绩,Above TOEFL 104 不接受雅思,在简历中罗列相关的实习经历、科研经历、出版物经历、个人荣誉、社区经历、领导力经历等内容,在简历中罗列相关的实习经历、科研经历、出版物经历、个人荣誉、社区经历、领导力经历等内容,不限项目数
哈佛大学Harvard University,Graduate School of Education教育学院,"Ed.M. Learning Design, Innovation, and Technology学习设计、创新与技术",无名单限制,官网无要求,官网无要求，建议GPA接近满绩,TOEFL 104/26,在简历中罗列相关的实习经历、科研经历、出版物经历、个人荣誉、社区经历、领导力经历等内容,在简历中罗列相关的实习经历、科研经历、出版物经历、个人荣誉、社区经历、领导力经历等内容,无作品集要求
哈佛大学Harvard University,Graduate School of Design设计学院,Master in Design Engineering (MDE)设计工程,无名单限制,限设计、工程、科学、社会科学、或其它相关本科背景,官网建议GPA 3.6-3.9,TOEFL 104/26,拥有至少两年工程、设计、商业、政府或其他领域的专业经验；具有技术能力和多学科设计兴趣,拥有至少两年工程、设计、商业、政府或其他领域的专业经验；具有技术能力和多学科设计兴趣,不限项目数
哈佛大学Harvard University,Graduate School of Design设计学院,Master of Architecture I/IAP建筑学,无名单限制,March I：已完成任何领域（建筑学或其他）四年制文学学士学位或理学学士学位的个人有资格入读专业学位课程第一学期。 March I AP：完成专业四年制建筑或环境设计专业文学学士学位或理学学士学位的个人可能有资格以高级资格入学，但须经招生委员会审查。,官网无明确要求，建议GPA接近于满绩,TOEFL 92/23 建议: 104/26 不接受雅思,在简历中罗列相关的实习经历、科研经历、出版物经历、个人荣誉、社区经历、领导力经历等内容,在简历中罗列相关的实习经历、科研经历、出版物经历、个人荣誉、社区经历、领导力经历等内容,不限项目数
哈佛大学Harvard University,Graduate School of Design设计学院,Master of Architecture II建筑学,无名单限制,建筑硕士 II (MArch II) 课程是一个后专业学位，面向已完成五年建筑学本科专业课程或同等学历的个人。,官网无明确要求，建议GPA接近于满绩,TOEFL 92/23 建议: 104/26 不接受雅思,在简历中罗列相关的实习经历、科研经历、出版物经历、个人荣誉、社区经历、领导力经历等内容,在简历中罗列相关的实习经历、科研经历、出版物经历、个人荣誉、社区经历、领导力经历等内容,不限项目数
哈佛大学Harvard University,Graduate School of Design设计学院,Master of Architecture in Urban Design城市设计,无名单限制,城市设计建筑硕士 (MAUD) 课程面向已完成五年建筑学本科专业课程或同等课程的个人。强烈建议拥有两到三年的专业实践经验。您将被要求在申请的简历选项卡上提供有关您的工作经验的信息。,官网无明确要求，建议GPA接近于满绩,TOEFL 92/23 建议: 104/26 不接受雅思,在简历中罗列相关的实习经历、科研经历、出版物经历、个人荣誉、社区经历、领导力经历等内容,在简历中罗列相关的实习经历、科研经历、出版物经历、个人荣誉、社区经历、领导力经历等内容,不限项目数
哈佛大学Harvard University,Graduate School of Design设计学院,Master in Landscape Architecture I/IAP景观建筑,无名单限制,可跨专业申请,官网无明确要求，建议GPA接近于满绩,TOEFL 92/23 建议: 104/26 不接受雅思,在简历中罗列相关的实习经历、科研经历、出版物经历、个人荣誉、社区经历、领导力经历等内容,在简历中罗列相关的实习经历、科研经历、出版物经历、个人荣誉、社区经历、领导力经历等内容,不限项目数
哈佛大学Harvard University,Graduate School of Design设计学院,Master in Landscape Architecture II 景观建筑,无名单限制,可跨专业申请,官网无明确要求，建议GPA接近于满绩,TOEFL 92/23 建议: 104/26 不接受雅思,在简历中罗列相关的实习经历、科研经历、出版物经历、个人荣誉、社区经历、领导力经历等内容,在简历中罗列相关的实习经历、科研经历、出版物经历、个人荣誉、社区经历、领导力经历等内容,不限项目数
哈佛大学Harvard University,Graduate School of Education教育学院,Ed.M. with a concentration in Arts and Learning教育学-艺术与教育方向,无名单限制,官网无要求,官网无要求，建议GPA接近满绩,TOEFL 104/26,在简历中明确申请的方向（Arts and Learning）罗列相关的实习经历、科研经历、出版物经历、个人荣誉、社区经历、领导力经历等内容,在简历中明确申请的方向（Arts and Learning）罗列相关的实习经历、科研经历、出版物经历、个人荣誉、社区经历、领导力经历等内容,无作品集要求
哈佛大学Harvard University,Graduate School of Design设计学院,Master of Urban Planning城市规划,无名单限制,官网无要求,官网无明确要求，建议GPA接近于满绩,TOEFL 92/23 建议: 104/26 不接受雅思,在简历中罗列相关的实习经历、科研经历、出版物经历、个人荣誉、社区经历、领导力经历等内容,在简历中罗列相关的实习经历、科研经历、出版物经历、个人荣誉、社区经历、领导力经历等内容,不限项目数
哈佛大学Harvard University,Graduate School of Design设计学院,Master in Landscape Architecture in Urban Design景观城市设计,无名单限制,城市设计建筑硕士 (MAUD) 课程面向已完成四年景观建筑本科专业课程或同等课程的个人。强烈建议拥有两到三年的专业实践经验。您将被要求在申请的简历选项卡上提供有关您的工作经验的信息。,官网无明确要求，建议GPA接近于满绩,TOEFL 92/23 建议: 104/26 不接受雅思,在简历中罗列相关的实习经历、科研经历、出版物经历、个人荣誉、社区经历、领导力经历等内容,在简历中罗列相关的实习经历、科研经历、出版物经历、个人荣誉、社区经历、领导力经历等内容,无作品集要求
康奈尔大学Cornell University,Department of Art艺术系,MFA in Creative Visual Arts创意视觉艺术,无名单限制,接受跨专业,官网无要求，建议GPA不低于3.8,"TOEFL 77+(S: 22, R: 20, L: 15, W: 20) IELTS 7.0+",在简历中罗列相关的实习经历、科研经历、出版物经历、个人荣誉、社区经历、领导力经历等内容,在简历中罗列相关的实习经历、科研经历、出版物经历、个人荣誉、社区经历、领导力经历等内容,不限项目数
康奈尔大学Cornell University,cornell AAP Architecture ART planning建筑/艺术/规划学院,Master of Architecture (Professional)建筑学,无名单限制,持有专业建筑学学士学位 (B.Arch.) 或专业建筑学硕士学位 (M.Arch.) 的学生可以被录取为专业 MS AAD 项目的候选人。,官网无明确要求，建议GPA高于3.5,TOEFL 100 IELTS 7.0+(7.0）,在简历中罗列相关的实习经历、科研经历、出版物经历、个人荣誉、社区经历、领导力经历等内容,在简历中罗列相关的实习经历、科研经历、出版物经历、个人荣誉、社区经历、领导力经历等内容,不限项目数
康奈尔大学Cornell University,cornell AAP Architecture ART planning建筑/艺术/规划学院,"Master of Science, Design Technology设计技术",无名单限制,持有专业建筑学学士学位 (B.Arch.) 或专业建筑学硕士学位 (M.Arch.) 的学生可以被录取为专业 MS AAD 项目的候选人。,官网无明确要求，建议GPA高于3.6,TOEFL 100 IELTS 7.0+(7.0）,在简历中罗列相关的实习经历、科研经历、出版物经历、个人荣誉、社区经历、领导力经历等内容,在简历中罗列相关的实习经历、科研经历、出版物经历、个人荣誉、社区经历、领导力经历等内容,不限项目数
康奈尔大学Cornell University,cornell AAP Architecture ART planning建筑/艺术/规划学院,"Post-Professional Master of Science, Advanced Architectural Design高级建筑设计",无名单限制,持有专业建筑学学士学位 (B.Arch.) 或专业建筑学硕士学位 (M.Arch.) 的学生可以被录取为专业 MS AAD 项目的候选人。,官网无明确要求，建议GPA高于3.7,TOEFL 100 IELTS 7.0+(7.0）,在简历中罗列相关的实习经历、科研经历、出版物经历、个人荣誉、社区经历、领导力经历等内容,在简历中罗列相关的实习经历、科研经历、出版物经历、个人荣誉、社区经历、领导力经历等内容,不限项目数
康奈尔大学Cornell University,College of Agriculture and Life Sciences农业与生命科学学院,Master of Landscape Architecture景观建筑,无名单限制,可跨专业申请,官网无明确要求，建议GPA高于3.5,TOEFL 89 (R22/W22/L20/S25) IELTS 7.2,在简历中罗列相关的实习经历、科研经历、出版物经历、个人荣誉、社区经历、领导力经历等内容,在简历中罗列相关的实习经历、科研经历、出版物经历、个人荣誉、社区经历、领导力经历等内容,不限项目数
康奈尔大学Cornell University,College of Agriculture and Life Sciences农业与生命科学学院,Dual Master's Degree in Landscape Architecture and Regional Planning景观建筑与规划,无名单限制,可跨专业申请,官网无明确要求，建议GPA高于3.6,TOEFL 89 (R22/W22/L20/S25) IELTS 7.1,在简历中罗列相关的实习经历、科研经历、出版物经历、个人荣誉、社区经历、领导力经历等内容,在简历中罗列相关的实习经历、科研经历、出版物经历、个人荣誉、社区经历、领导力经历等内容,不限项目数
康奈尔大学Cornell University,College of Agriculture and Life Sciences农业与生命科学学院,Master of Professional Studies in Landscape Architecture景观建筑,无名单限制,可跨专业申请,官网无明确要求，建议GPA高于3.7,TOEFL 89 (R22/W22/L20/S25) IELTS 7.0,在简历中罗列相关的实习经历、科研经历、出版物经历、个人荣誉、社区经历、领导力经历等内容,在简历中罗列相关的实习经历、科研经历、出版物经历、个人荣誉、社区经历、领导力经历等内容,不限项目数
康奈尔大学Cornell University,Jacobs Technion-Cornell Institute雅各布技术-康奈尔研究院,Master of Science in Applied Information Science (Technion) & Master of Science Information Systems (Cornell) with a Concentration in Connective Media应用信息科学和信息系统-连接媒体,无名单限制,接受跨专业，倾向工程、机械、数学、经济、物理科学、量化科学专业学生,官网无要求，建议GPA不低于3.8,TOEFL 100+(S22/R20/L15/W20) IELTS 7.0,无特殊要求，但建议有交互设计实习实践经历,无特殊要求，但建议有交互设计实习实践经历,不限项目数
康奈尔大学Cornell University,Jacobs Technion-Cornell Institute雅各布技术-康奈尔研究院,Master of Science in Applied Information Science (Technion) & Master of Science Information Systems (Cornell) with a Concentration in Health Tech应用信息科学和信息系统-健康科技,无名单限制,接受跨专业，倾向工程、机械、数学、经济、物理科学、量化科学专业学生,官网无要求，建议GPA不低于3.9,TOEFL 100+(S22/R20/L15/W20) IELTS 7.1,无特殊要求，但建议有交互设计实习实践经历,无特殊要求，但建议有交互设计实习实践经历,不限项目数
康奈尔大学Cornell University,Jacobs Technion-Cornell Institute雅各布技术-康奈尔研究院,Master of Science in Applied Information Science (Technion) & Master of Science Information Systems (Cornell) with a Concentration in Urban Tech应用信息科学和信息系统-城市科技,无名单限制,接受跨专业，倾向工程、机械、数学、经济、物理科学、量化科学专业学生,官网无要求，建议GPA不低于3.10,TOEFL 100+(S22/R20/L15/W20) IELTS 7.2,无特殊要求，但建议有交互设计实习实践经历,无特殊要求，但建议有交互设计实习实践经历,不限项目数
康奈尔大学Cornell University,Department of Information Science信息科学系,MPS in information Science信息科学,无名单限制,接受跨专业，但需要在大学期间修读过编程课且B等以上成绩,官网要求GPA至少3.2，建议GPA不低于3.8,TOEFL SRLW 22/20/15/20 IELTS 7.0,无特殊要求，但建议有交互设计实习实践经历,无特殊要求，但建议有交互设计实习实践经历,不限项目数
康奈尔大学Cornell University,College of Human Ecology人类生态学院,MA in Design 设计,无名单限制,具有室内设计、建筑或产品设计专业的本科学历,官网无明确要求，建议gpa高于3.7,TOEFL: 105（22) IELTS: 7.0,在简历中罗列相关的实习经历、科研经历、出版物经历、个人荣誉、社区经历、领导力经历等内容,在简历中罗列相关的实习经历、科研经历、出版物经历、个人荣誉、社区经历、领导力经历等内容,不限项目数
康奈尔大学Cornell University,College of Human Ecology人类生态学院,MA in Apparel Design 服装设计,无名单限制,可跨专业申请,官网无明确要求，建议gpa高于3.7,"TOEFL: 100（W20, L15, R20, S26）, IELTS: 7.0",在简历中罗列相关的实习经历、科研经历、出版物经历、个人荣誉、社区经历、领导力经历等内容,在简历中罗列相关的实习经历、科研经历、出版物经历、个人荣誉、社区经历、领导力经历等内容,不限项目数，10mb
康奈尔大学Cornell University,College of Human Ecology人类生态学院,M.S. in Human Environment Relations人类关系环境,无名单限制,可跨专业申请，学生通常拥有心理学、建筑学或室内设计的本科学位,官网无明确要求，建议gpa高于3.7，GRE310,TOEFL: 105（W20，L15，R20，S22) IELTS: 7.0,在简历中罗列相关的实习经历、科研经历、出版物经历、个人荣誉、社区经历、领导力经历等内容,无特殊要求，但建议有实习实践经历,不要求作品集
康奈尔大学Cornell University,cornell AAP Architecture ART planning建筑/艺术/规划学院,"Post-Professional Master of Science, Advanced Urban Design 高级城市设计",无名单限制,面向拥有专业建筑学学士学位、专业建筑学硕士学位或相关设计领域专业学位（如 MLA、MUD）的个人。拥有相关设计领域专业学位或终端学位（如 MFA）的学生也将受到考虑。,官网无明确要求，建议GPA高于3.5,TOEFL 100 IELTS 7.0+(7.0）,在简历中罗列相关的实习经历、科研经历、出版物经历、个人荣誉、社区经历、领导力经历等内容,在简历中罗列相关的实习经历、科研经历、出版物经历、个人荣誉、社区经历、领导力经历等内容,不限项目数，20页，20mb
康奈尔大学Cornell University,cornell AAP Architecture ART planning建筑/艺术/规划学院,Design Technology: Studio M.S. (Ithaca/Cornell Tech (NYC))设计科技：工作室,无名单限制,拥有建筑、设计学科、工程、生物或材料科学或计算机科学本科或研究生学位的学生可能是设计技术课程的候选人。,官网无明确要求，建议GPA高于3.5,TOEFL 100 IELTS 7.0+(7.0）,在简历中罗列相关的实习经历、科研经历、出版物经历、个人荣誉、社区经历、领导力经历等内容,在简历中罗列相关的实习经历、科研经历、出版物经历、个人荣誉、社区经历、领导力经历等内容,不限项目数，20mb
康奈尔大学Cornell University,cornell AAP Architecture ART planning建筑/艺术/规划学院,City and Regional Planning M.R.P. (Ithaca)城市和区域规划,无名单限制,可跨专业申请,官网无明确要求，建议GPA高于3.7,TOEFL 100 IELTS 7.0+(7.0）,在简历中罗列相关的实习经历、科研经历、出版物经历、个人荣誉、社区经历、领导力经历等内容,在简历中罗列相关的实习经历、科研经历、出版物经历、个人荣誉、社区经历、领导力经历等内容,不要求作品集
康奈尔大学Cornell University,cornell AAP Architecture ART planning建筑/艺术/规划学院,Master of Fine Arts in Image Text图像文本,无名单限制,接受跨专业申请，建议写作、摄影、电影/视频、数字和工作室艺术实践背景,官网无明确要求，建议GPA高于3.7,仅接受美国身份的申请人，无语言要求,在简历中罗列相关的实习经历、科研经历、出版物经历、个人荣誉、社区经历、领导力经历等内容,在简历中罗列相关的实习经历、科研经历、出版物经历、个人荣誉、社区经历、领导力经历等内容,不限项目数，20页
麻省理工学院Massachusetts Institute of Technology,School of Architecture + Planning建筑与规划学院,Media Arts and Sciences (MAS) - Master's level媒体艺术与科学,无名单限制,官网无要求,官网无要求，建议GPA接近满绩,TOEFL 94 IELTS 7.0,在简历中罗列相关的实习经历、科研经历、出版物经历、个人荣誉、社区经历、领导力经历等内容,在简历中罗列相关的实习经历、科研经历、出版物经历、个人荣誉、社区经历、领导力经历等内容,不限项目数
麻省理工学院Massachusetts Institute of Technology,School of Architecture + Planning建筑与规划学院,"Master of science in art, Culture, and Technology艺术、文化与技术",无名单限制,推荐艺术或理科背景,官网无要求，建议GPA接近满绩,TOEFL 100 IELTS 7.0,在简历中罗列相关的实习经历、科研经历、出版物经历、个人荣誉、社区经历、领导力经历等内容,在简历中罗列相关的实习经历、科研经历、出版物经历、个人荣誉、社区经历、领导力经历等内容,不限项目数
麻省理工学院Massachusetts Institute of Technology,School of Architecture + Planning建筑与规划学院,Master of Architecture建筑学,无名单限制,已经拥有建筑学学士学位或建筑硕士学位 有建筑学士学位2年 没有的3年,官网无明确要求，建议GPA高于3.4,IELTS 7.0 +（推荐） TOEFL 100 +,在简历中罗列相关的实习经历、科研经历、出版物经历、个人荣誉、社区经历、领导力经历等内容,在简历中罗列相关的实习经历、科研经历、出版物经历、个人荣誉、社区经历、领导力经历等内容,不限项目数
麻省理工学院Massachusetts Institute of Technology,School of Architecture + Planning建筑与规划学院,Master of Science of Architecture Studies建筑研究,无名单限制,已经拥有建筑学学士学位或建筑硕士学位 有建筑学士学位2年 没有的3年,官网无明确要求，建议GPA高于3.5,IELTS 7.0 +（推荐） TOEFL 100 +,在简历中罗列相关的实习经历、科研经历、出版物经历、个人荣誉、社区经历、领导力经历等内容,在简历中罗列相关的实习经历、科研经历、出版物经历、个人荣誉、社区经历、领导力经历等内容,不限项目数
麻省理工学院Massachusetts Institute of Technology,School of Architecture + Planning建筑与规划学院,Master of Science in Building Technology建筑技术,无名单限制,推荐工科、数理、建筑背景,官网无要求，建议GPA接近满绩,TOEFL 100 IELTS 7.0,在简历中罗列相关的实习经历、科研经历、出版物经历、个人荣誉、社区经历、领导力经历等内容,在简历中罗列相关的实习经历、科研经历、出版物经历、个人荣誉、社区经历、领导力经历等内容,不限项目数
麻省理工学院Massachusetts Institute of Technology,School of Architecture + Planning建筑与规划学院,"Master of Science in History, Theory and Criticism of Architecture and Art建筑与艺术历史、理论和批评",无名单限制,推荐艺术或文科背景,官网无要求，建议GPA接近满绩,TOEFL 100 IELTS 7.0,在简历中罗列相关的实习经历、科研经历、出版物经历、个人荣誉、社区经历、领导力经历等内容,在简历中罗列相关的实习经历、科研经历、出版物经历、个人荣誉、社区经历、领导力经历等内容,不限项目数
麻省理工学院Massachusetts Institute of Technology,Department of Urban Studies and Planning麻省理工学院城市研究与规划系,Master in City Planning (MCP)城市规划硕士,无名单限制,推荐公共政策、城市设计和规划、建筑、经济学、政治学和工程学,官网无要求，建议GPA接近满绩,TOEFL 100 IELTS 7.0,在简历中罗列相关的实习经历、科研经历、出版物经历、个人荣誉、社区经历、领导力经历等内容,在简历中罗列相关的实习经历、科研经历、出版物经历、个人荣誉、社区经历、领导力经历等内容,作品集选择性提交
麻省理工学院Massachusetts Institute of Technology,Department of Urban Studies and Planning麻省理工学院城市研究与规划系,Master of Science in Urban Studies and Planning (SM)城市研究与规划,无名单限制,推荐公共政策、城市设计和规划、建筑、经济学、政治学和工程学,官网无要求，建议GPA接近满绩,TOEFL 100 IELTS 7.0,在简历中罗列相关的实习经历、科研经历、出版物经历、个人荣誉、社区经历、领导力经历等内容,在简历中罗列相关的实习经历、科研经历、出版物经历、个人荣誉、社区经历、领导力经历等内容,作品集选择性提交
麻省理工学院Massachusetts Institute of Technology,Department of Urban Studies and Planning麻省理工学院城市研究与规划系,Master of Science in Transportation (MST)交通理学硕士,无名单限制,推荐公共政策、城市设计和规划、建筑、经济学、政治学和工程学,官网无要求，建议GPA接近满绩,TOEFL 100 IELTS 7.0,在简历中罗列相关的实习经历、科研经历、出版物经历、个人荣誉、社区经历、领导力经历等内容,在简历中罗列相关的实习经历、科研经历、出版物经历、个人荣誉、社区经历、领导力经历等内容,作品集选择性提交
麻省理工学院Massachusetts Institute of Technology,"School of Humanities,Arts and Social Sciences人文与科学学院",Comparative Media Studies - Education比较媒体研究-教育,无名单限制,官网无要求,官网无要求，建议GPA接近满绩,TOEFL 94 IELTS 7.0,在简历中罗列相关的实习经历、科研经历、出版物经历、个人荣誉、社区经历、领导力经历等内容,在简历中罗列相关的实习经历、科研经历、出版物经历、个人荣誉、社区经历、领导力经历等内容,不限项目数
麻省理工学院Massachusetts Institute of Technology,"School of Humanities,Arts and Social Sciences人文与科学学院",Comparative Media Studies - Science Writing比较媒体研究-科学写作,无名单限制,官网无要求,官网无要求，建议GPA接近满绩,TOEFL 94 IELTS 7.0,在简历中罗列相关的实习经历、科研经历、出版物经历、个人荣誉、社区经历、领导力经历等内容,在简历中罗列相关的实习经历、科研经历、出版物经历、个人荣誉、社区经历、领导力经历等内容,不限项目数
斯坦福大学Stanford University,Stanford Design Program设计系,MS Design设计,无名单限制,"需要本科学位是bachelor of science,不接受本科是艺术学学位的申请人，不需要本科是设计背景",官网无要求，建议GPA接近满绩,TOEFL 100,在简历中罗列相关的实习经历、科研经历、出版物经历、个人荣誉、社区经历、领导力经历等内容,3 – 5 年行业工作经验,不限项目数
斯坦福大学Stanford University,School of Humanities and Sciences人文与科学学院,MFA in Art Practice and Documentary Film and Video纪录电影制作,无名单限制,接受跨专业,建议3.8+,TOEFL 100,至少1年相关实习经历,至少1年相关实习经历,1篇学术论文5-8页+15分钟以内作品视频
斯坦福大学Stanford University,Department of Communication传媒系,M.A. in Journalism新闻,无名单限制,接受跨专业,官网无要求，建议接近满绩,建议TOEFL110+,在简历中罗列相关的实习经历、科研经历、出版物经历、个人荣誉、社区经历、领导力经历等内容,在简历中罗列相关的实习经历、科研经历、出版物经历、个人荣誉、社区经历、领导力经历等内容,三个新闻样本
斯坦福大学Stanford University,School of Humanities and Sciences人文与科学学院,MFA Art Practice艺术实践,无名单限制,接受跨专业,官网无要求，建议接近满绩,TOEFL 100,至少1年相关实习经历,至少1年相关实习经历,1篇学术论文5-8页+15分钟以内作品视频
斯坦福大学Stanford University,Graduate School of Education教育学院,Learning Design and Technology (MS)学习设计与技术,无名单限制,接受跨专业,官网无要求，建议接近满绩,建议TOEFL110+,在简历中罗列相关的实习经历、科研经历、出版物经历、个人荣誉、社区经历、领导力经历等内容,,作品集选择性提交
加州大学伯克利分校University of California--Berkeley,Department of Art Practice艺术实践系,MFA Art Practice艺术实践,无名单限制,官网无要求,要求大三大四GPA不低于3.0，建议GPA不低于3.5,TOEFL 90+  IELTS 7.0+,无特殊要求，但建议有实习实践经历,无特殊要求，但建议有实习实践经历,不限项目数
加州大学伯克利分校University of California--Berkeley,college of Environmental Design环境设计学院,Master of Architecture建筑学,无名单限制,1.该系对本科预科的领域没有限制。然而， 所需的居住期限的长度、所需的学期课程单元的数量以及所需课程的具体列表可能会根据本科专业、专业和其他工作经验以及以前的研究生学习（如果有）而有所不同。 2。经过认可的建筑学学士或建筑硕士学位,官网无明确要求，建议GPA高于3.5,TOEFL 90 IELTS 7.0,在简历中罗列相关的实习经历、科研经历、出版物经历、个人荣誉、社区经历、领导力经历等内容,在简历中罗列相关的实习经历、科研经历、出版物经历、个人荣誉、社区经历、领导力经历等内容,不限项目数
加州大学伯克利分校University of California--Berkeley,college of Environmental Design环境设计学院,M.Arch with Advanced Standing高级建筑学,无名单限制,1.该系对本科预科的领域没有限制。然而， 所需的居住期限的长度、所需的学期课程单元的数量以及所需课程的具体列表可能会根据本科专业、专业和其他工作经验以及以前的研究生学习（如果有）而有所不同。 2。经过认可的建筑学学士或建筑硕士学位,官网无明确要求，建议GPA高于3.6,TOEFL 90 IELTS 7.1,在简历中罗列相关的实习经历、科研经历、出版物经历、个人荣誉、社区经历、领导力经历等内容,在简历中罗列相关的实习经历、科研经历、出版物经历、个人荣誉、社区经历、领导力经历等内容,不限项目数
加州大学伯克利分校University of California--Berkeley,college of Environmental Design环境设计学院,Master of Advanced Architectural Design (MAAD)高级建筑设计,无名单限制,1.该系对本科预科的领域没有限制。然而， 所需的居住期限的长度、所需的学期课程单元的数量以及所需课程的具体列表可能会根据本科专业、专业和其他工作经验以及以前的研究生学习（如果有）而有所不同。 2。经过认可的建筑学学士或建筑硕士学位,官网无明确要求，建议GPA高于3.7,TOEFL 90 IELTS 7.2,在简历中罗列相关的实习经历、科研经历、出版物经历、个人荣誉、社区经历、领导力经历等内容,在简历中罗列相关的实习经历、科研经历、出版物经历、个人荣誉、社区经历、领导力经历等内容,不限项目数
加州大学伯克利分校University of California--Berkeley,college of Environmental Design环境设计学院,Master of Science in Architecture建筑学,无名单限制,1.该系对本科预科的领域没有限制。然而， 所需的居住期限的长度、所需的学期课程单元的数量以及所需课程的具体列表可能会根据本科专业、专业和其他工作经验以及以前的研究生学习（如果有）而有所不同。 2。经过认可的建筑学学士或建筑硕士学位,官网无明确要求，建议GPA高于3.8,TOEFL 90 IELTS 7.3,在简历中罗列相关的实习经历、科研经历、出版物经历、个人荣誉、社区经历、领导力经历等内容,在简历中罗列相关的实习经历、科研经历、出版物经历、个人荣誉、社区经历、领导力经历等内容,不限项目数
加州大学伯克利分校University of California--Berkeley,college of Environmental Design环境设计学院,MLA(first Professional/second professional)景观建筑,无名单限制,可跨专业申请,官网无明确要求，建议GPA高于3.6,TOEFL 90 IELTS 7.0,在简历中罗列相关的实习经历、科研经历、出版物经历、个人荣誉、社区经历、领导力经历等内容,在简历中罗列相关的实习经历、科研经历、出版物经历、个人荣誉、社区经历、领导力经历等内容,不限项目数
加州大学伯克利分校University of California--Berkeley,College of Environmental Design环境设计学院 College of Engineering工程学院,Master of Design设计,无名单限制,接受跨专业，但必须具备较强的软件及编程技能,官网要求GPA至少3.0，建议GPA不低于3.5,TOEFL 90 IELTS 7.0,无特殊要求，但建议有交互设计实习实践经历,无特殊要求，但建议有实习实践经历,3-5个项目
加州大学伯克利分校University of California--Berkeley,School of Journalism新闻学院,Master in Journalism (MJ)新闻,无名单限制,接受跨专业,官网要求3.0，建议不低于3.5,TOEFL 105 IELTS 7.5,在简历中罗列相关的实习经历、科研经历、出版物经历、个人荣誉、社区经历、领导力经历等内容,在简历中罗列相关的实习经历、科研经历、出版物经历、个人荣誉、社区经历、领导力经历等内容,无要求
加州大学伯克利分校University of California--Berkeley,college of Environmental Design环境设计学院,Master of City Planning城市规划,无名单限制,可跨专业申请,官网要求3.0，建议不低于3.5,TOEFL 90 IELTS 7.0,在简历中罗列相关的实习经历、科研经历、出版物经历、个人荣誉、社区经历、领导力经历等内容,在简历中罗列相关的实习经历、科研经历、出版物经历、个人荣誉、社区经历、领导力经历等内容,不限项目数
加州大学伯克利分校University of California--Berkeley,college of Environmental Design环境设计学院,Master of Urban Design城市设计,无名单限制,可跨专业申请,官网要求3.0，建议不低于3.5,TOEFL 90 IELTS 7.0,在简历中罗列相关的实习经历、科研经历、出版物经历、个人荣誉、社区经历、领导力经历等内容,在简历中罗列相关的实习经历、科研经历、出版物经历、个人荣誉、社区经历、领导力经历等内容,不限项目数，20页
卡内基梅隆大学Carnegie Mellon University,Entertainment Technology Center娱乐技术中心,Master of Entertainment Technology娱乐技术,无名单限制,接受跨专业,官网无要求，建议GPA不低于3.5,TOEFL 92（23） IELTS 7.5,在ETC，我们汇集了来自不同学术背景的学生一才华横溢的人，他们对自己的工作充满热情，并且有与他人合作的经验。,在ETC，我们汇集了来自不同学术背景的学生一才华横溢的人，他们对自己的工作充满热情，并且有与他人合作的经验。个人陈述中需要体现过往娱乐/科技行业相关经验,不限项目数
卡内基梅隆大学Carnegie Mellon University,School of Art艺术系,Master of Fine Arts纯艺术,无名单限制,接受跨专业,官网无要求，建议GPA不低于3.5,"海本不可免语言 TOEFL 100+(25+) IELTS 7.5(R:7,L:7,S:7.5,W:6.5)",在简历中罗列相关的实习经历、科研经历、出版物经历、个人荣誉、社区经历、领导力经历等内容,在简历中罗列相关的实习经历、科研经历、出版物经历、个人荣誉、社区经历、领导力经历等内容,不限项目数量
卡内基梅隆大学Carnegie Mellon University,School of Design设计学院,MA in Design设计,无名单限制,对本科背景无要求，需要申请人有2年(起码1年)的工作经验,官网无要求，建议GPA不低于3.5, TOEFL 102/25，IELTS 7.5,在简历中罗列相关的实习经历、科研经历、出版物经历、个人荣誉、社区经历、领导力经历等内容,在简历中罗列相关的实习经历、科研经历、出版物经历、个人荣誉、社区经历、领导力经历等内容,
卡内基梅隆大学Carnegie Mellon University,Integrated Innovation Institute综合创新研究院,Master of Integrated Innovation for Products and Services产品与服务综合创新,无名单限制,接受跨专业,官网要求GPA不低于3.5,TOEFL 95/23 IELTS 6.5,无特殊要求，但建议有交互设计实习实践经历,无特殊要求，但建议有交互设计实习实践经历,3-6个项目
卡内基梅隆大学Carnegie Mellon University,Human-Computer Interaction Institute人机交互研究院,Master of Human-Computer Interaction人机交互,无名单限制,接受跨专业,官网无要求，建议GPA不低于3.5,TOEFL 25each IELTS 8.5/8.0,无特殊要求，但建议有交互设计实习实践经历,无特殊要求，但建议有交互设计实习实践经历,不限项目数
卡内基梅隆大学Carnegie Mellon University,Human-Computer Interaction Institute and the Department of Psychology人机教育研究院与心理学系,Master of Educational Technology and Applied Learning Science教育技术与应用学习科学,无名单限制,接受跨专业,官网无要求，建议GPA不低于3.5,TOEFL 25each IELTS RLSW 7.0/7.0/7.5/6.5,无特殊要求，但建议有交互设计实习实践经历,无特殊要求，但建议有交互设计实习实践经历,不限项目数
卡内基梅隆大学Carnegie Mellon University,School of Fine Arts艺术学院,Master of Arts Management艺术管理,无名单限制,无专业限制，建议满足基本定量技能要求,官网无要求，建议达到3.5+,托福 100（小分25+） 雅思 7.0（小分7+） 建议提交GRE,在文书中展示对申请专业的相关背景、学术能力、实践经历及强烈兴趣,在文书中展示对申请专业的相关背景、学术能力、实践经历及强烈兴趣,写作样本700-1100字
卡内基梅隆大学Carnegie Mellon University,School of Drama戏剧学院,MFA Costume Design戏服设计,无名单限制,无专业限制,官网无要求，建议达到3.7+,TOEFL 总分100 单项 25，IELTS 总分7单项7，多邻国130（115 120 125 110）,申请者应具有戏剧方面的经验，并具有一定的艺术和设计背景，分析和讨论剧本的能力,申请者应具有戏剧方面的经验，并具有一定的艺术和设计背景，分析和讨论剧本的能力,不限制项目数量
卡内基梅隆大学Carnegie Mellon University,School of Drama戏剧学院,MFA Costume Production戏服制作,无名单限制,无专业限制,官网无要求，建议达到3.7+,TOEFL 总分100 单项 25，IELTS 总分7单项7，多邻国130（115 120 125 110）,申请者应具有戏剧方面的经验，并具有一定的艺术和设计背景，分析和讨论剧本的能力,申请者应具有戏剧方面的经验，并具有一定的艺术和设计背景，分析和讨论剧本的能力,不限制项目数量
卡内基梅隆大学Carnegie Mellon University,School of Drama戏剧学院,MFA Scenic Design舞台设计,无名单限制,接受跨专业,官网无明确要求，建议GPA不低于3.8,TOEFL 总分100 单项 25，IELTS 总分7单项7，多邻国130（115 120 125 110）,在简历中罗列相关的实习经历、科研经历、出版物经历、个人荣誉、社区经历、领导力经历等内容,在简历中罗列相关的实习经历、科研经历、出版物经历、个人荣誉、社区经历、领导力经历等内容,不限项目数
卡内基梅隆大学Carnegie Mellon University,"A Joint Program of the Department of English and the Department of Languages, Cultures & Applied Linguistics英语系，语言系、文化与应用语言学系联合项目",Masters of Global Communication & Applied Translation全球传播与应用翻译,无名单限制,接受跨专业,官网要求3.0，建议不低于3.5,TOEFL 102 IELTS 7.5,在简历中罗列相关的实习经历、科研经历、出版物经历、个人荣誉、社区经历、领导力经历等内容,在简历中罗列相关的实习经历、科研经历、出版物经历、个人荣誉、社区经历、领导力经历等内容,两份学术写作样本
卡内基梅隆大学Carnegie Mellon University,School of Architecture建筑学院,Master of Advanced Architectural Design (MAAD)高级建筑设计-25F暂停招生,无名单限制,持有专业建筑学学士学位 (B.Arch.) 或专业建筑学硕士学位 (M.Arch.) 的学生可以被录取为专业 MAAD 项目的候选人。,官网无要求，建议GPA不低于3.5,TOEFL 100/22，雅思7.0/6.5，多邻国105（105 115 90 95）,在简历中罗列相关的实习经历、科研经历、出版物经历、个人荣誉、社区经历、领导力经历等内容,在简历中罗列相关的实习经历、科研经历、出版物经历、个人荣誉、社区经历、领导力经历等内容,不限项目数
卡内基梅隆大学Carnegie Mellon University,School of Architecture建筑学院,Master of Architecture建筑学,无名单限制,拥有国际大学颁发的建筑学专业学士学位（BA/BS in Architecture）或专业建筑学学士学位（B.Arch）的学生,官网无要求，建议GPA不低于3.6,TOEFL 100/22，雅思7.0/6.5，多邻国105（105 115 90 96）,在简历中罗列相关的实习经历、科研经历、出版物经历、个人荣誉、社区经历、领导力经历等内容,在简历中罗列相关的实习经历、科研经历、出版物经历、个人荣誉、社区经历、领导力经历等内容,不限项目数
卡内基梅隆大学Carnegie Mellon University,School of Architecture建筑学院,Computational Design计算机设计,无名单限制,接受跨专业，更欢迎技术、创意和/或批判背景的学生,官网无要求，建议GPA不低于3.7,TOEFL 100/22，雅思7.0/6.5，多邻国105（105 115 90 97）,在简历中罗列相关的实习经历、科研经历、出版物经历、个人荣誉、社区经历、领导力经历等内容,在简历中罗列相关的实习经历、科研经历、出版物经历、个人荣誉、社区经历、领导力经历等内容,不限项目数
卡内基梅隆大学Carnegie Mellon University,School of Architecture建筑学院,Master of Science in Sustainable Design可持续设计,无名单限制,MSSD 项目欢迎面向设计、研究和实践的候选人申请，其背景涉及建筑、城市设计、工程、景观建筑、计算机科学、材料科学、工业设计、跨学科研究、生物技术、产品设计、计算机设计、人文和规划等领域。,官网无要求，建议GPA不低于3.8,TOEFL 100/22，雅思7.0/6.5，多邻国105（105 115 90 98）,在简历中罗列相关的实习经历、科研经历、出版物经历、个人荣誉、社区经历、领导力经历等内容,在简历中罗列相关的实习经历、科研经历、出版物经历、个人荣誉、社区经历、领导力经历等内容,不限项目数
卡内基梅隆大学Carnegie Mellon University,School of Architecture建筑学院,Master of Urban Design城市设计,无名单限制,"入学学生必须至少拥有建筑、景观建筑或城市规划工作室课程的学士学位（B.Arch, B.L.Arch, BA/BS Architecture, BA/BS Landscape Architecture 或 BA/BS Planning）",官网无要求，建议GPA不低于3.9,TOEFL 100/22，雅思7.0/6.5，多邻国105（105 115 90 99）,在简历中罗列相关的实习经历、科研经历、出版物经历、个人荣誉、社区经历、领导力经历等内容,在简历中罗列相关的实习经历、科研经历、出版物经历、个人荣誉、社区经历、领导力经历等内容,不限项目数
卡内基梅隆大学Carnegie Mellon University,School of Architecture建筑学院,Building Performance & Diagnostics建筑性能与分析,无名单限制,接受跨专业,官网无要求，建议GPA不低于3.10,TOEFL 100/22，雅思7.0/6.5，多邻国105（105 115 90 100）,在简历中罗列相关的实习经历、科研经历、出版物经历、个人荣誉、社区经历、领导力经历等内容,在简历中罗列相关的实习经历、科研经历、出版物经历、个人荣誉、社区经历、领导力经历等内容,不要求作品集，需提供作品样例
卡内基梅隆大学Carnegie Mellon University,School of Information Systemts & Management信息系统与管理学院,Entertainment Industry Management (MEIM)娱乐产业管理,无名单限制,无专业限制,官网无要求，建议达到3.5+,TOEFL 100/22（建议25），雅思7.0/6.5（建议7.0），多邻国120（120 125 90 105）建议130（130 135 100 115）,在简历中罗列相关的实习经历、科研经历、出版物经历、个人荣誉、社区经历、领导力经历等内容,在简历中罗列相关的实习经历、科研经历、出版物经历、个人荣誉、社区经历、领导力经历等内容,不要求作品集
卡内基梅隆大学Carnegie Mellon University,School of Computer Science and Tepper School of Business计算机科学学院与商学院,Master of Science in Product Management产品管理,无名单限制,学生必须持有经认可机构颁发的四年制本科学位或同等学历，并精通以下领域：包括微积分和线性代数在内的普通数学、基本统计概念和方法、任何现代语言的基本编程,官网无要求，建议达到3.7+,TOEFL 100/25，雅思7.0/7.0），多邻国120，需提交GRE或写材料证明本科相关成绩与资质满足豁免条件,在简历中罗列相关的实习经历、科研经历、出版物经历、个人荣誉、社区经历、领导力经历等内容,在简历中罗列相关的实习经历、科研经历、出版物经历、个人荣誉、社区经历、领导力经历等内容,不要求作品集，需要2分钟介绍视频
卡内基梅隆大学Carnegie Mellon University,School of Drama戏剧学院,Stage & Production Management舞台与制作管理-25F暂停招生,无名单限制,接受跨专业,官网无要求，建议达到3.7+,TOEFL 总分100 单项 25，IELTS 总分7单项7，多邻国130（115 120 125 110）,在简历中罗列相关的实习经历、科研经历、出版物经历、个人荣誉、社区经历、领导力经历等内容,在简历中罗列相关的实习经历、科研经历、出版物经历、个人荣誉、社区经历、领导力经历等内容,作品集包含舞台管理内容
卡内基梅隆大学Carnegie Mellon University,School of Drama戏剧学院,Video & Media Design视频与媒体设计,无名单限制,接受跨专业,官网无要求，建议达到3.7+,TOEFL 总分100 单项 25，IELTS 总分7单项7，多邻国130（115 120 125 111）,有戏剧经验，并具备一定的艺术和设计背景。具备分析和讨论剧本的能力很重要，面试时会进行考察。,有戏剧经验，并具备一定的艺术和设计背景。具备分析和讨论剧本的能力很重要，面试时会进行考察。,作品集需要包含设计与视频案例
耶鲁大学Yale University,School of Art艺术学院,MFA Graphic Design平面设计,无名单限制,接受跨专业,官网无要求，建议GPA接近满绩,TOEFL 100（L/S28） IELTS 7.0,个人陈述中需要涉及兴趣、当前工作方向、生活经历等,个人陈述中需要涉及兴趣、当前工作方向、生活经历等,不限项目数
耶鲁大学Yale University,School of Art艺术学院,MFA Fine Art纯艺术,无名单限制,接受跨专业,官网无要求，建议GPA近于满分,TOEFL 100（S/L28） IELTS 7.0,在简历中罗列相关的实习经历、科研经历、出版物经历、个人荣誉、社区经历、领导力经历等内容,在简历中罗列相关的实习经历、科研经历、出版物经历、个人荣誉、社区经历、领导力经历等内容,不限项目数量
耶鲁大学Yale University,School of Architecture建筑学院,Master of Architecture I Professional Degree Program建筑学,无名单限制,1.适合持有本科文科学位（例如 BA 或 BS）并寻求第一个专业建筑学位的学生。 2.已经拥有建筑学专业学位（建筑学学士或同等第一专业学位）,官网无明确要求，建议GPA高于3.5,TOEFL 100,在简历中罗列相关的实习经历、科研经历、出版物经历、个人荣誉、社区经历、领导力经历等内容,在简历中罗列相关的实习经历、科研经历、出版物经历、个人荣誉、社区经历、领导力经历等内容,不限项目数
耶鲁大学Yale University,School of Architecture建筑学院,Master of Architecture II Post-Professional Design Research建筑学-设计研究,无名单限制,1.适合持有本科文科学位（例如 BA 或 BS）并寻求第一个专业建筑学位的学生。 2.已经拥有建筑学专业学位（建筑学学士或同等第一专业学位）,官网无明确要求，建议GPA高于3.6,TOEFL 101,在简历中罗列相关的实习经历、科研经历、出版物经历、个人荣誉、社区经历、领导力经历等内容,在简历中罗列相关的实习经历、科研经历、出版物经历、个人荣誉、社区经历、领导力经历等内容,不限项目数
耶鲁大学Yale University,School of Architecture建筑学院,Master of Environmental Design环境设计,无名单限制,1.适合持有本科文科学位（例如 BA 或 BS）并寻求第一个专业建筑学位的学生。 2.已经拥有建筑学专业学位（建筑学学士或同等第一专业学位）,官网无明确要求，建议GPA高于3.6,TOEFL 101,在简历中罗列相关的实习经历、科研经历、出版物经历、个人荣誉、社区经历、领导力经历等内容,在简历中罗列相关的实习经历、科研经历、出版物经历、个人荣誉、社区经历、领导力经历等内容,不限项目数
耶鲁大学Yale University,School of Art艺术学院,MFA Photography摄影,无名单限制,无专业限制,官网无要求，建议达到3.8+,TOEFL 100（口语听力不低于28） IELTS 7.0 DET 120,在简历中罗列相关的实习经历、科研经历、出版物经历、个人荣誉、社区经历、领导力经历等内容,在简历中罗列相关的实习经历、科研经历、出版物经历、个人荣誉、社区经历、领导力经历等内容,不限项目数量
耶鲁大学Yale University,David Geffen School of Drama戏剧学院,MFA Design in Costume Design戏服设计,无名单限制,无专业限制,官网无要求，建议接近满绩,TOEFL建议100+ 不接受雅思,在文书中展示对申请专业的相关背景、学术能力、实践经历及强烈兴趣,在文书中展示对申请专业的相关背景、学术能力、实践经历及强烈兴趣,不限制项目数量
耶鲁大学Yale University,David Geffen School of Drama戏剧学院,MFA Design in Set Design舞台设计,无名单限制,无专业限制,官网无要求，建议接近满绩,TOEFL建议100+ 不接受雅思,在文书中展示对申请专业的相关背景、学术能力、实践经历及强烈兴趣,在文书中展示对申请专业的相关背景、学术能力、实践经历及强烈兴趣,不限制项目数量
耶鲁大学Yale University,David Geffen School of Drama戏剧学院,MFA in Stage Management舞台管理,无名单限制,接受跨专业,官网无明确要求，建议GPA接近于满绩,TOEFL 100+(流利) 不接受IELTS,在简历中罗列相关的实习经历、科研经历、出版物经历、个人荣誉、社区经历、领导力经历等内容,在简历中罗列相关的实习经历、科研经历、出版物经历、个人荣誉、社区经历、领导力经历等内容,不限项目数
耶鲁大学Yale University,David Geffen School of Drama戏剧学院,MFA in Technical Design and Production技术设计与美工,无名单限制,接受跨专业,官网无明确要求，建议GPA接近于满绩,TOEFL 100+(流利) 不接受IELTS,在简历中罗列相关的实习经历、科研经历、出版物经历、个人荣誉、社区经历、领导力经历等内容,在简历中罗列相关的实习经历、科研经历、出版物经历、个人荣誉、社区经历、领导力经历等内容,不限项目数
耶鲁大学Yale University,David Geffen School of Drama 戏剧学院,MFA Directing导演专业,无名单限制,接受跨专业,建议3.8+,TOEFL 110 IELTS 8,2年以上工作经验，两年或两年以上的专业导演经验的申请人才会被考虑,2年以上工作经验，两年或两年以上的专业导演经验的申请人才会被考虑,不限项目数量
哥伦比亚大学Columbia University,Teachers College教育学院,MA Design and Development of Digital Games数字游戏与开发,无名单限制,接受跨专业,官网无要求，建议GPA不低于3.5,TOEFL 100 IELTS 7.0,您的简历应该是一份标准的专业简历一按时间顺序列出您的就业史、教育史、学术努力和其他重要活动。,您的简历应该是一份标准的专业简历一按时间顺序列出您的就业史、教育史、学术努力和其他重要活动。,不限项目数
哥伦比亚大学Columbia University,School of Arts艺术学院,MFA in Visual Arts视觉艺术,无名单限制,官网无要求,官网无要求，建议GPA不低于3.5,TOEFL 100+ IELTS 7.5+ DET 125+,无特殊要求，但建议有实习实践经历，在简历中罗列相关的实习经历、科研经历、出版物经历、个人荣誉、社区经历、领导力经历等内容,无特殊要求，但建议有实习实践经历,不限项目数
哥伦比亚大学Columbia University,"Graduate School of Architecture, Planning and Preservation建筑、规划与保护研究生院",Master of Architecture建筑学,无名单限制,已经拥有建筑学学士学位或建筑硕士学位 有建筑学士学位2年 没有的3年,官网无明确要求，建议GPA接近于满绩,TOEFL 100+(25+)  IELTS 7.0+,在简历中罗列相关的实习经历、科研经历、出版物经历、个人荣誉、社区经历、领导力经历等内容,在简历中罗列相关的实习经历、科研经历、出版物经历、个人荣誉、社区经历、领导力经历等内容,不限项目数
哥伦比亚大学Columbia University,"Graduate School of Architecture, Planning and Preservation建筑、规划与保护研究生院",M.S Computational Design Practice 计算设计实践,无名单限制,已经拥有建筑学学士学位或建筑硕士学位 有建筑学士学位2年 没有的3年,官网无明确要求，建议GPA接近于满绩,TOEFL 100+(25+)  IELTS 7.0+,在简历中罗列相关的实习经历、科研经历、出版物经历、个人荣誉、社区经历、领导力经历等内容,在简历中罗列相关的实习经历、科研经历、出版物经历、个人荣誉、社区经历、领导力经历等内容,不限项目数
哥伦比亚大学Columbia University,"Graduate School of Architecture, Planning and Preservation建筑、规划与保护研究生院",MS Advanced Architectural Design高级建筑设计,无名单限制,已经拥有建筑学学士学位或建筑硕士学位 有建筑学士学位2年 没有的3年,官网无明确要求，建议GPA接近于满绩,TOEFL 100+(25+)  IELTS 7.0+,在简历中罗列相关的实习经历、科研经历、出版物经历、个人荣誉、社区经历、领导力经历等内容,在简历中罗列相关的实习经历、科研经历、出版物经历、个人荣誉、社区经历、领导力经历等内容,不限项目数
哥伦比亚大学Columbia University,"Graduate School of Architecture, Planning and Preservation建筑、规划与保护研究生院","The Masters of Science in Critical, Curatorial, and Conceptual Practices建筑批判、策展和概念实践理学硕士",无名单限制,已经拥有建筑学学士学位或建筑硕士学位 有建筑学士学位2年 没有的3年,官网无明确要求，建议GPA接近于满绩,TOEFL 100+(25+)  IELTS 7.0+,在简历中罗列相关的实习经历、科研经历、出版物经历、个人荣誉、社区经历、领导力经历等内容,在简历中罗列相关的实习经历、科研经历、出版物经历、个人荣誉、社区经历、领导力经历等内容,不限项目数
哥伦比亚大学Columbia University,"Graduate School of Architecture, Planning and Preservation建筑、规划与保护研究生院",MS Advanced Architecture and Urban Design高级建筑和城市设计,无名单限制,已经拥有建筑学学士学位或建筑硕士学位 有建筑学士学位2年 没有的3年,官网无明确要求，建议GPA接近于满绩,TOEFL 100+(25+)  IELTS 7.0+,在简历中罗列相关的实习经历、科研经历、出版物经历、个人荣誉、社区经历、领导力经历等内容,在简历中罗列相关的实习经历、科研经历、出版物经历、个人荣誉、社区经历、领导力经历等内容,不限项目数
哥伦比亚大学Columbia University,"Graduate School of Architecture, Planning and Preservation建筑、规划与保护研究生院",The Master of Science in Urban Planning城市规划理学硕士,无名单限制,已经拥有建筑学学士学位或建筑硕士学位 有建筑学士学位2年 没有的3年,官网无明确要求，建议GPA接近于满绩,TOEFL 100+(25+)  IELTS 7.0+,在简历中罗列相关的实习经历、科研经历、出版物经历、个人荣誉、社区经历、领导力经历等内容,在简历中罗列相关的实习经历、科研经历、出版物经历、个人荣誉、社区经历、领导力经历等内容,不限项目数
哥伦比亚大学Columbia University,"Graduate School of Architecture, Planning and Preservation建筑、规划与保护研究生院",The M.S. in Historic Preservation历史保护计划课程的M.S.,无名单限制,已经拥有建筑学学士学位或建筑硕士学位 有建筑学士学位2年 没有的3年,官网无明确要求，建议GPA接近于满绩,TOEFL 100+(25+)  IELTS 7.0+,在简历中罗列相关的实习经历、科研经历、出版物经历、个人荣誉、社区经历、领导力经历等内容,在简历中罗列相关的实习经历、科研经历、出版物经历、个人荣誉、社区经历、领导力经历等内容,不限项目数
哥伦比亚大学Columbia University,Teacher's College教育学院,Master of Arts in Instructional Technology & Media教学技术与媒体,无名单限制,接受跨专业,官网无要求，建议GPA不低于3.8,TOEFL 100 IELTS 7.0,无特殊要求，但建议有交互设计实习实践经历； 实习实践类推荐信必须用推荐人公司邮箱发送,无特殊要求，但建议有交互设计实习实践经历； 实习实践类推荐信必须用推荐人公司邮箱发送,不限项目数
哥伦比亚大学Columbia University,Teacher's College教育学院,MA Art Administration艺术管理,无名单限制,无专业限制,官网无要求，建议达到3.7+,托福 100 雅思 7.0,在文书中展示对申请专业的相关背景、学术能力、实践经历及强烈兴趣,在文书中展示对申请专业的相关背景、学术能力、实践经历及强烈兴趣，包括接受过的艺术培训或者志愿者活动,未强制要求作品集，设计背景学生提交作品集提升竞争力
哥伦比亚大学Columbia University,Teachers College教育学院,M.A. in Studio Practice for Art Educators (Hybrid)艺术教育者工作室实践学硕士（混合）,无名单限制,必须拥有视觉艺术学位（学士学位或研究生学位）和/或积极的艺术实践。,官网无要求，建议达到3.5+,托福 100 雅思 7.0,在审查目的声明时，招生委员会仔细考虑申请人将自己的背景和经验与师范学院和艺术教育者工作室实践（混合）的M.A.的目标联系起来的能力。,,10-20个个人艺术品的例子
哥伦比亚大学Columbia University,Teachers College教育学院,Master of Education(Art Pedagogy/Creative Technologies/Community Arts),无名单限制,必须拥有艺术教育或相关领域的硕士学位，或同等的专业经验,官网无要求，建议达到3.5+,托福 100 雅思 7.0,需要写作样本,,
哥伦比亚大学Columbia University,Art History&Archaeology艺术、历史与人类学,MA in Modern and Contemporary Art Critical and Curatorial Studies当代艺术批评与策展研究,无名单限制,无专业限制，艺术史或密切相关的研究，至少四门课程（例如考古学、建筑师、艺术史人类学，视觉研究，电影研究，媒体研究等）,官网无要求，建议达到3.5+,托福 100 雅思 7.5,在文书中展示对申请专业的相关背景、学术能力、实践经历及强烈兴趣,在文书中展示对申请专业的相关背景、学术能力、实践经历及强烈兴趣,写作样本10-15页
哥伦比亚大学Columbia University,School of the Arts艺术学院,MFA in Film 电影专业,无名单限制,接受跨专业,建议3.8+,"TOEFL 100, IELTS 7.5",无特殊要求，建议有相关的商业实习经验,无特殊要求，建议有相关的商业实习经验,· 命题剧本创作 · 10页内自创编剧作品 · 30分钟以内视频作品【可选交】 · 2分钟命题影视作品【可选交】
哥伦比亚大学Columbia University,School of the Arts艺术学院,Film and Media Studies电影和媒体研究,无名单限制,接受跨专业,建议3.8+,"TOEFL 100, IELTS 7.5",无特殊要求，建议有相关的商业实习经验,无特殊要求，建议有相关的商业实习经验,· 命题剧本创作 · 10页内自创编剧作品 · 30分钟以内视频作品【可选交】 · 2分钟命题影视作品【可选交】
哥伦比亚大学Columbia University,School of the Arts艺术学院,MFA Threatre(Dramaturgy/Stage Management)戏剧(戏剧/舞台管理),无名单限制,接受跨专业,建议3.8+,"TOEFL 100, IELTS 7.5",无特殊要求，建议有相关的商业实习经验,无特殊要求，建议有相关的商业实习经验,(戏剧)两（2）个写作样本，每个样本5到15页。这两部作品在某种程度上一定是关于剧院的。这两件作品中的第一件必须是学术/分析作品。第二个可能是从任何语言翻译成英语、评论、戏剧文章、个人反思文章或其他创造性的写作。(舞台管理)戏剧、音乐剧、歌剧、音乐会、体验式娱乐和/或您担任舞台经理或助理舞台经理的公司活动的制作材料：所有这些都可以接受您的申请。这些材料必须由您创建，并展示在舞台管理方法方面对普遍接受的“最佳实践”的深刻了解。仅接受电子提交。请尝试至少包括以下每个示例：调用脚本页面、轮班图、阻挡或舞蹈符号、道具和服装跟踪表、制作日历、每日排练时间表以及突出您的领导和沟通技巧的电子邮件或备忘录。您实际工作的视频和/或音频剪辑也将被接受。我们将尽一切努力满足残疾的合格申请人（例如心理健康、学习、慢性健康、身体、听力、视力、神经系统等）
哥伦比亚大学Columbia University,Columbia University Schoolof Professional Studies专业研究生院,M.S. in Strategic Communication战略传播,无名单限制,接受跨专业,官网要求3.0，建议不低于3.5,TOEFL 100 IELTS 7.0,在简历中罗列相关的实习经历、科研经历、出版物经历、个人荣誉、社区经历、领导力经历等内容,在简历中罗列相关的实习经历、科研经历、出版物经历、个人荣誉、社区经历、领导力经历等内容,命题文书+1分钟自我介绍视频
宾夕法尼亚大学University of Pennsylvania,School of Engineering and Applied Science工程与运用科学学院,MSE in Computer Graphics and Game Technology计算机图形学与游戏技术,无名单限制,1、计算机科学或工程本科背景，或者在四年大学有过至少两年的计算机科学和/或工程本科课程学习经历； 2、无相关背景申请者，入学后需要先完成1年的计算机和信息技术硕士（MCIT）课程，再进入本专业硕士课程学习,官网无要求，建议GPA不低于3.5,TOEFL 90（20) IELTS 7.0（6.5）,我们希望从您的简历中了解您的工作技能、专业经验的深度、您的领导经验等。,我们希望从您的简历中了解您的工作技能、专业经验的深度、您的领导经验等。,不限项目数
宾夕法尼亚大学University of Pennsylvania,Weitzman School of Design设计学院,MFA Fine Art纯艺术,无名单限制,接受跨专业,官网无要求，建议GPA不低于3.7,TOEFL 100+ IELTS 7.0+,在简历中罗列相关的实习经历、科研经历、出版物经历、个人荣誉、社区经历、领导力经历等内容,在简历中罗列相关的实习经历、科研经历、出版物经历、个人荣誉、社区经历、领导力经历等内容,不限项目数量
宾夕法尼亚大学University of Pennsylvania,Stuart Weitzman School of Design设计学院,Master of Architecture建筑学,无名单限制,已经拥有建筑学学士学位或建筑硕士学位 有建筑学士学位2年 没有的3年,官网无明确要求，建议GPA高于3.5,TOEFL 100 (小分 25) IELTS 7.0 (小分 7) DET 135,在简历中罗列相关的实习经历、科研经历、出版物经历、个人荣誉、社区经历、领导力经历等内容,在简历中罗列相关的实习经历、科研经历、出版物经历、个人荣誉、社区经历、领导力经历等内容,不限项目数
宾夕法尼亚大学University of Pennsylvania,Stuart Weitzman School of Design设计学院,Advanced Architectural Design (MSD-AAD)高级建筑设计,无名单限制,已经拥有建筑学学士学位或建筑硕士学位 有建筑学士学位2年 没有的3年,官网无明确要求，建议GPA高于3.6,TOEFL 100 (小分 25) IELTS 7.0 (小分 7) DET 136,在简历中罗列相关的实习经历、科研经历、出版物经历、个人荣誉、社区经历、领导力经历等内容,在简历中罗列相关的实习经历、科研经历、出版物经历、个人荣誉、社区经历、领导力经历等内容,不限项目数
宾夕法尼亚大学University of Pennsylvania,Stuart Weitzman School of Design设计学院,Robotics and Autonomous Systems (MSD-RAS)机器人与自主系统,无名单限制,已经拥有建筑学学士学位或建筑硕士学位 有建筑学士学位2年 没有的3年,官网无明确要求，建议GPA高于3.7,TOEFL 100 (小分 25) IELTS 7.0 (小分 7) DET 137,在简历中罗列相关的实习经历、科研经历、出版物经历、个人荣誉、社区经历、领导力经历等内容,在简历中罗列相关的实习经历、科研经历、出版物经历、个人荣誉、社区经历、领导力经历等内容,不限项目数
宾夕法尼亚大学University of Pennsylvania,Stuart Weitzman School of Design设计学院,Master of Landscape Architecture景观建筑,无名单限制,可跨专业申请,官网无明确要求，建议GPA高于3.5,TOEFL 100 IELTS 7.0 PTE 68,在简历中罗列相关的实习经历、科研经历、出版物经历、个人荣誉、社区经历、领导力经历等内容； 其中一封推荐信必须来自Professional work的办公室,在简历中罗列相关的实习经历、科研经历、出版物经历、个人荣誉、社区经历、领导力经历等内容； 其中一封推荐信必须来自Professional work的办公室,不限项目数
宾夕法尼亚大学University of Pennsylvania,School of Engineering and Applied Science工程与应用科学学院,Master of Integrated Product Design综合产品设计,无名单限制,本科学习工程、商科或设计的学生可申请M:IPD；申请MSE:IPD(Master of Science in Engineering in Integrated Product Design)需要本科有工程背景,官网无要求，建议GPA不低于3.6,TOEFL 100 IELTS 7.5,在简历中罗列相关的实习经历、科研经历、出版物经历、个人荣誉、社区经历、领导力经历等内容,在简历中罗列相关的实习经历、科研经历、出版物经历、个人荣誉、社区经历、领导力经历等内容,不限项目数
宾夕法尼亚大学University of Pennsylvania,Stuart Weitzman School of Design设计学院,Master of City Planning in concentration with Urban Design城市规划-城市设计方向,无名单限制,可跨专业申请,官网无明确要求，建议GPA高于3.5,TOEFL 100 IELTS 7.0,在简历中罗列相关的实习经历、科研经历、出版物经历、个人荣誉、社区经历、领导力经历等内容； 其中一封推荐信必须来自Professional work的办公室,在简历中罗列相关的实习经历、科研经历、出版物经历、个人荣誉、社区经历、领导力经历等内容； 其中一封推荐信必须来自Professional work的办公室,鼓励作品集提交
宾夕法尼亚大学University of Pennsylvania,Stuart Weitzman School of Design设计学院,Master of City Planning in concentration with Smart Cities城市规划-智慧城市,无名单限制,可跨专业申请,官网无明确要求，建议GPA高于3.5,TOEFL 100 IELTS 7.0,在简历中罗列相关的实习经历、科研经历、出版物经历、个人荣誉、社区经历、领导力经历等内容； 其中一封推荐信必须来自Professional work的办公室,在简历中罗列相关的实习经历、科研经历、出版物经历、个人荣誉、社区经历、领导力经历等内容； 其中一封推荐信必须来自Professional work的办公室,鼓励作品集提交
宾夕法尼亚大学University of Pennsylvania,Stuart Weitzman School of Design设计学院,"Master of City Planning in concentration with Housing, Community and Economic Development (HCED)城市规划-住宅、社区与经济发展",无名单限制,可跨专业申请,官网无明确要求，建议GPA高于3.5,TOEFL 100 IELTS 7.0,在简历中罗列相关的实习经历、科研经历、出版物经历、个人荣誉、社区经历、领导力经历等内容； 其中一封推荐信必须来自Professional work的办公室,在简历中罗列相关的实习经历、科研经历、出版物经历、个人荣誉、社区经历、领导力经历等内容； 其中一封推荐信必须来自Professional work的办公室,鼓励作品集提交
宾夕法尼亚大学University of Pennsylvania,Stuart Weitzman School of Design设计学院,Master of City Planning in concentration with Land Use-Environmental Planning (LU-EP)城市规划-土地使用-环境规划,无名单限制,可跨专业申请,官网无明确要求，建议GPA高于3.5,TOEFL 100 IELTS 7.0,在简历中罗列相关的实习经历、科研经历、出版物经历、个人荣誉、社区经历、领导力经历等内容； 其中一封推荐信必须来自Professional work的办公室,在简历中罗列相关的实习经历、科研经历、出版物经历、个人荣誉、社区经历、领导力经历等内容； 其中一封推荐信必须来自Professional work的办公室,鼓励作品集提交
宾夕法尼亚大学University of Pennsylvania,Stuart Weitzman School of Design设计学院,Master of City Planning in concentration with Sustainable Transportation and Infrastructure Planning (STIP) 可持续交通和基础建设规划,无名单限制,可跨专业申请,官网无明确要求，建议GPA高于3.5,TOEFL 100 IELTS 7.0,在简历中罗列相关的实习经历、科研经历、出版物经历、个人荣誉、社区经历、领导力经历等内容； 其中一封推荐信必须来自Professional work的办公室,在简历中罗列相关的实习经历、科研经历、出版物经历、个人荣誉、社区经历、领导力经历等内容； 其中一封推荐信必须来自Professional work的办公室,鼓励作品集提交
宾夕法尼亚大学University of Pennsylvania,Stuart Weitzman School of Design设计学院,Master of Urban Spatial Analytics (MUSA) 空间分析,无名单限制,"可跨专业申请,接触地理信息系统、统计和编码（任何语言）都是有益的",官网无明确要求，建议GPA高于3.5,TOEFL 100 IELTS 7.0,在简历中罗列相关的实习经历、科研经历、出版物经历、个人荣誉、社区经历、领导力经历等内容； 其中一封推荐信必须来自Professional work的办公室,在简历中罗列相关的实习经历、科研经历、出版物经历、个人荣誉、社区经历、领导力经历等内容； 其中一封推荐信必须来自Professional work的办公室,鼓励作品集提交
宾夕法尼亚大学University of Pennsylvania,Stuart Weitzman School of Design设计学院,Master of Science in Design: Historic Preservation(MSD-HP)历史保护,无名单限制,"可跨专业申请,学生必须精通计算机辅助制图（AutoCAD）,应至少学习一门大学水平的基础化学或同等课程",官网无明确要求，建议GPA高于3.5,TOEFL 100 IELTS 7.0,在简历中罗列相关的实习经历、科研经历、出版物经历、个人荣誉、社区经历、领导力经历等内容； 其中一封推荐信必须来自Professional work的办公室,在简历中罗列相关的实习经历、科研经历、出版物经历、个人荣誉、社区经历、领导力经历等内容； 其中一封推荐信必须来自Professional work的办公室,鼓励作品集提交
宾夕法尼亚大学University of Pennsylvania,Stuart Weitzman School of Design设计学院,Master of Science in Historic Preservation(MSHP)历史保护,无名单限制,"可跨专业申请,学生必须精通计算机辅助制图（AutoCAD）,应至少学习一门大学水平的基础化学或同等课程",官网无明确要求，建议GPA高于3.5,TOEFL 100 IELTS 7.0,在简历中罗列相关的实习经历、科研经历、出版物经历、个人荣誉、社区经历、领导力经历等内容； 其中一封推荐信必须来自Professional work的办公室,在简历中罗列相关的实习经历、科研经历、出版物经历、个人荣誉、社区经历、领导力经历等内容； 其中一封推荐信必须来自Professional work的办公室,鼓励作品集提交
宾夕法尼亚大学University of Pennsylvania,College of Liberal and Professional Studies文理与专业研究学院,Master of Environmental Studies环境学习硕士,无名单限制,可跨专业申请,官网无明确要求，建议GPA高于3.5,TOEFL 100 IELTS 7.0 ,在简历中罗列相关的实习经历、科研经历、出版物经历、个人荣誉、社区经历、领导力经历等内容； 其中一封推荐信必须来自Professional work的办公室,在简历中罗列相关的实习经历、科研经历、出版物经历、个人荣誉、社区经历、领导力经历等内容； 其中一封推荐信必须来自Professional work的办公室,不要求作品集
宾夕法尼亚大学University of Pennsylvania,Graduate School of Education教育学院,Master of Science Learning Sciences and Technologies M.S.Ed.学习科学与技术,无名单限制,可跨专业申请,官网无明确要求，建议GPA高于3.5,TOEFL 100 IELTS 7.0 ,在简历中罗列相关的实习经历、科研经历、出版物经历、个人荣誉、社区经历、领导力经历等内容； 其中一封推荐信必须来自Professional work的办公室,在简历中罗列相关的实习经历、科研经历、出版物经历、个人荣誉、社区经历、领导力经历等内容； 其中一封推荐信必须来自Professional work的办公室,不要求作品集
杜克大学Duke University,Pratt School of Engineering工程学院,"MEng Game Design, Development & Innovation游戏，开发与创新",无名单限制,1、理科或工科背景，或者非理工科背景但有相关的技术工作经验； 2、至少一个学期的编程（任何语言）学习经历； 3、强烈建议在统计、线性代数等方面进行先修课程学习,学校招生平均成绩：3.6-3.9,TOEFL 102-109 IELTS 7-7.5,我们需要一份突出经验、活动和领导力的简历，无论是在课堂上、志愿者环境中、俱乐部或组织，还是在工作中。校园课程不需要工作经验，但目前的本科生可以专注于他们拥有的任何实习经验。,我们需要一份突出经验、活动和领导力的简历，无论是在课堂上、志愿者环境中、俱乐部或组织，还是在工作中。校园课程不需要工作经验，但目前的本科生可以专注于他们拥有的任何实习经验。,不限项目数
杜克大学Duke University,Pratt School of Engineering工程学院,Design & Technology Innovation Master of Engineering设计与技术创新,无名单限制,STEM / STEM 相关领域的本科学位 或者如果您的学位不在 STEM 领域，则需要至少1学期编程语言课，1学期的微积分课，1学期的物理或自然科学（物理、生物、化学或相关学科），实验室经验强烈优先;,官网建议GPA 3.6-3.9,建议TOEFL 105+,无特殊要求，但建议有交互设计实习实践经历； 如有工作经验，欢迎全部提交工作类推荐信,无特殊要求，但建议有交互设计实习实践经历； 如有工作经验，欢迎全部提交工作类推荐信,不限项目数
杜克大学Duke University,Graduate School研究生学院,MFA in Experimental & Documentary Arts实验/纪录片艺术,无名单限制,接受跨专业,3.0+【建议3.5+】,TOEFL 90 IELTS 7.0,无特殊要求，建议有相关的商业实习经验,无特殊要求，建议有相关的商业实习经验,25页以内材料展示
杜克大学Duke University,Graduate School研究生学院,MA in Digital Art History/Computational Media数字艺术史与计算式媒体,无名单限制,接受跨专业,3.0+【建议3.5+】,TOEFL 90 IELTS 7.0,在简历中罗列相关的实习经历、科研经历、出版物经历、个人荣誉、社区经历、领导力经历等内容,在简历中罗列相关的实习经历、科研经历、出版物经历、个人荣誉、社区经历、领导力经历等内容,建议提交专业相关作品集，以链接形式上传
南加州大学University of Southern California,School of Cinematic Arts电影艺术学院,MFA Interactive Media (Games & Health)交互媒体（游戏与健康）,无名单限制,接受跨专业,官网无要求，建议GPA不低于3.5,TOEFL 100（20） IELTS 7.0,需要两封推荐信，至少一封学术推荐信，和一封专业（实习实践）推荐信,需要两封推荐信，至少一封学术推荐信，和一封专业（实习实践）推荐信,不限项目数
南加州大学University of Southern California,School of Cinematic Arts电影艺术学院,MS Game Design and Development游戏与开发,无名单限制,接受跨专业,官网无要求，建议GPA不低于3.6,TOEFL 100（20） IELTS 7.1,需要两封推荐信，至少一封学术推荐信，和一封专业（实习实践）推荐信,需要两封推荐信，至少一封学术推荐信，和一封专业（实习实践）推荐信,不限项目数
南加州大学University of Southern California,School of Cinematic Arts电影艺术学院,MFA Interactive Media交互媒体,无名单限制,接受跨专业,官网无要求，建议GPA不低于3.7,TOEFL 100（20） IELTS 7.2,需要两封推荐信，至少一封学术推荐信，和一封专业（实习实践）推荐信,需要两封推荐信，至少一封学术推荐信，和一封专业（实习实践）推荐信,不限项目数
南加州大学University of Southern California,School of Cinematic Arts电影艺术学院,"MA Cinematic Arts (Media Arts, Games and Health)电影艺术（媒体艺术，游戏与健康）",无名单限制,接受跨专业,官网无要求，建议GPA不低于3.8,TOEFL 100（20） IELTS 7.3,需要两封推荐信，至少一封学术推荐信，和一封专业（实习实践）推荐信,需要两封推荐信，至少一封学术推荐信，和一封专业（实习实践）推荐信,不限项目数
南加州大学University of Southern California,School of Cinematic Arts电影艺术学院,MFA Animation and Digital Arts动画与数字艺术,无名单限制,接受跨专业,官网无要求，建议GPA不低于3.5,TOEFL: 90 (20) IELTS: 6.5 (6),必须有一封实践推荐信,必须有一封实践推荐信,不限项目数
南加州大学University of Southern California,Roski School of Art & Design艺术与设计学院,MFA Art艺术,无名单限制,接受跨专业,官网无要求，建议GPA不低于3.5,TOEFL 95 IELTS 6.5,在简历中罗列相关的实习经历、科研经历、出版物经历、个人荣誉、社区经历、领导力经历等内容,在简历中罗列相关的实习经历、科研经历、出版物经历、个人荣誉、社区经历、领导力经历等内容,不限项目数量
南加州大学University of Southern California,Roski School of Art & Design艺术与设计学院,MFA Design设计,无名单限制,接受跨专业，但需要有设计行业相关实践经历；推荐设计/艺术/建筑相关专业,官网无要求，建议GPA不低于3.5,TOEFL 95 IELTS 6.5,详细说明您的就业、教育、课外学院和社区活动、荣誉、奖项、出版物、专业组织、旅行及您希望包含的其他相关信息，非艺术/设计/建筑专业背景需要有相关实践/从业经历,非艺术/设计/建筑专业背景需要有相关实践/从业经历,不限项目数
南加州大学University of Southern California,School of Architecture建筑学院,Master of Architecture: First-Professional建筑学,无名单限制,接受跨专业,官网无明确要求，建议GPA高于3.5,TOEFL 95（20） IELTS 6.5（6.0）,在简历中罗列相关的实习经历、科研经历、出版物经历、个人荣誉、社区经历、领导力经历等内容,在简历中罗列相关的实习经历、科研经历、出版物经历、个人荣誉、社区经历、领导力经历等内容,不限项目数
南加州大学University of Southern California,School of Architecture建筑学院,Master of Advanced Architectural Research Studies高级建筑研究,无名单限制,获得建筑学第一专业学位,官网无明确要求，建议GPA高于3.6,TOEFL 95（20） IELTS 6.5（6.0）,在简历中罗列相关的实习经历、科研经历、出版物经历、个人荣誉、社区经历、领导力经历等内容,在简历中罗列相关的实习经历、科研经历、出版物经历、个人荣誉、社区经历、领导力经历等内容,不限项目数
南加州大学University of Southern California,School of Architecture建筑学院,Advanced Architectural Studies高级建筑学,无名单限制,获得建筑学第一专业学位,官网无明确要求，建议GPA高于3.7,TOEFL 95（20） IELTS 6.5（6.1）,在简历中罗列相关的实习经历、科研经历、出版物经历、个人荣誉、社区经历、领导力经历等内容,在简历中罗列相关的实习经历、科研经历、出版物经历、个人荣誉、社区经历、领导力经历等内容,不限项目数
南加州大学University of Southern California,School of Architecture建筑学院,Master of Building Science 建筑科学,无名单限制,获得建筑学第一专业学位,官网无明确要求，建议GPA高于3.7,TOEFL 95（20） IELTS 6.5（6.0）,在简历中罗列相关的实习经历、科研经历、出版物经历、个人荣誉、社区经历、领导力经历等内容,在简历中罗列相关的实习经历、科研经历、出版物经历、个人荣誉、社区经历、领导力经历等内容,不限项目数
南加州大学University of Southern California,School of Architecture建筑学院,Master of Heritage Conservation遗产保护,无名单限制,接受跨专业,官网无要求，建议GPA不低于3.5,TOEFL 95 IELTS 6.5,在简历中罗列相关的实习经历、科研经历、出版物经历、个人荣誉、社区经历、领导力经历等内容,在简历中罗列相关的实习经历、科研经历、出版物经历、个人荣誉、社区经历、领导力经历等内容,不强制要求作品集
南加州大学University of Southern California,USC School of Architecture建筑学院,Master of Landscape Architecture景观建筑,无名单限制,可跨专业申请,官网无明确要求，建议GPA高于3.5,TOEFL 95 (小分20) IELTS 6.5 (小分6.0),在简历中罗列相关的实习经历、科研经历、出版物经历、个人荣誉、社区经历、领导力经历等内容,在简历中罗列相关的实习经历、科研经历、出版物经历、个人荣誉、社区经历、领导力经历等内容,不限项目数
南加州大学University of Southern California,USC School of Architecture建筑学院,Master of Landscape Architecture + Urbanism Dual degree景观建筑与城市化,无名单限制,可跨专业申请,官网无明确要求，建议GPA高于3.6,TOEFL 95 (小分20) IELTS 6.5 (小分6.0),在简历中罗列相关的实习经历、科研经历、出版物经历、个人荣誉、社区经历、领导力经历等内容,在简历中罗列相关的实习经历、科研经历、出版物经历、个人荣誉、社区经历、领导力经历等内容,不限项目数
南加州大学University of Southern California,USC School of Architecture建筑学院,Master of Advanced Architectural Studies + Master of Urban Planning Dual degree高级建筑研究与城市规划,无名单限制,可跨专业申请,官网无明确要求，建议GPA高于3.7,TOEFL 95 (小分20) IELTS 6.5 (小分6.1),在简历中罗列相关的实习经历、科研经历、出版物经历、个人荣誉、社区经历、领导力经历等内容,在简历中罗列相关的实习经历、科研经历、出版物经历、个人荣誉、社区经历、领导力经历等内容,不限项目数
南加州大学University of Southern California,School for Communication and Journalism传媒与新闻学院,MS Digital Social Media数字社会媒体,无名单限制,接受跨专业,官网无要求，建议GPA不低于3.5,TOEFL 90/20 (Re114) IELTS 6.5/6.0 (Re8.0),无特殊要求，建议有交互设计实习实践经历，简历上必须罗列所有实习工作相关经历,无特殊要求，建议有交互设计实习实践经历，简历上必须罗列所有实习工作相关经历,不限项目数
南加州大学University of Southern California,Roski School of Art & Design艺术与设计学院,MA Curatorial Practices and the Public Sphere策展实践与公共领域,无名单限制,美术学士/文学士学位，专业设计、艺术、建筑或具有一定实践的相关领域（商业、传媒等）,官网无要求，建议达到3.5+,TOEFL 90(小分20） 建议IELTS 6.5(小分6） GRE 需要,在文书中展示对申请专业的相关背景、学术能力、实践经历及强烈兴趣,在文书中展示对申请专业的相关背景、学术能力、实践经历及强烈兴趣,写作样本两篇
南加州大学University of Southern California,Roski School of Art & Design艺术与设计学院,Master of Fine Arts in Fashion时尚,无名单限制,接受跨专业,官网无要求，建议GPA不低于3.5,TOEFL 95 IELTS 6.5,在简历中罗列相关的实习经历、科研经历、出版物经历、个人荣誉、社区经历、领导力经历等内容,在简历中罗列相关的实习经历、科研经历、出版物经历、个人荣誉、社区经历、领导力经历等内容,不限项目数量
南加州大学University of Southern California,Thronton School of Music音乐学院,MS Arts Leadership艺术领导,无名单限制,无专业限制，但建议有数年艺术家实践经历,官网无明确要求，建议GPA高于3.7,TOEFL 90(小分20） 建议IELTS 6.5(小分6）,建议有数年艺术家实践经历，在简历中罗列相关的实习经历、科研经历、出版物经历、个人荣誉、社区经历、领导力经历等内容,建议有数年艺术家实践经历，在简历中罗列相关的实习经历、科研经历、出版物经历、个人荣誉、社区经历、领导力经历等内容,完成艺术实践与领导力相关写作，不要求作品集
南加州大学University of Southern California,Marshall School of Business商学院,MS Entrepreneurship and Innovation创业与创新,无名单限制,无专业限制,官网无要求，建议达到3.5+,托福 100（小分20） 雅思 7.0（小分6.0）,无特殊要求，最好有一至三年的工作经验,无特殊要求，最好有一至三年的工作经验,未强制要求作品集，设计背景学生提交作品集提升竞争力
南加州大学University of Southern California,USC School of Cinematic Arts电影艺术学院,MA Cinema and Media Studies电影与媒体研究,无名单限制,接受跨专业,3.0+【建议3.4+】,TOEFL100（20），IELTS6,在简历中罗列相关的实习经历、科研经历、出版物经历、个人荣誉、社区经历、领导力经历等内容,在简历中罗列相关的实习经历、科研经历、出版物经历、个人荣誉、社区经历、领导力经历等内容,不要求作品集，需提交写作样例
南加州大学University of Southern California,Viterbi School of Enginieering工程学院,Product Development Engineering产品开发工程,无名单限制,要求任意工程或科学相关学位,3.0+【建议3.5+】,TOEFL 90(小分20） 建议IELTS 6.5(小分6）,在简历中罗列相关的实习经历、科研经历、出版物经历、个人荣誉、社区经历、领导力经历等内容,在简历中罗列相关的实习经历、科研经历、出版物经历、个人荣誉、社区经历、领导力经历等内容,不要求作品集
南加州大学University of Southern California,USC School of Cinematic Arts电影艺术学院,"MFA in Cinematic Arts, Film & Television Production 电影艺术、影视制作专业",无名单限制,接受跨专业,3.0+【建议3.5+】,TOEFL100（20），IELTS7,无特殊要求，建议有相关的商业实习经验,无特殊要求，建议有相关的商业实习经验,命题写作剧本【400字】 2分钟命题短片 2-3分钟自我介绍视频
南加州大学University of Southern California,USC School of Cinematic Arts电影艺术学院,MFA Expanded Animation Research and Practice (XA)扩展动画研究+实践（XA）,无名单限制,接受跨专业,3.0+【建议3.5+】,TOEFL 100 IELTS 7.0 PTE 68,需要两封推荐信，至少一封学术推荐信，和一封专业（实习实践）推荐信,在简历中罗列相关的实习经历、科研经历、出版物经历、个人荣誉、社区经历、领导力经历等内容,10-15页 still images和影视作品
南加州大学University of Southern California,"Dana and David Dornsife College of Letters, Arts and Sciences文学、艺术和科学学院",MA Environmental Studies环境学,无名单限制,接受跨专业,3.0+【建议3.5+】,TOEFL 100 IELTS 7.0 PTE 68,在简历中罗列相关的实习经历、科研经历、出版物经历、个人荣誉、社区经历、领导力经历等内容,在简历中罗列相关的实习经历、科研经历、出版物经历、个人荣誉、社区经历、领导力经历等内容,不强制要求作品集
南加州大学University of Southern California,Spatial Sciences Institute空间科学研究所,"M.S. in Geodesign, Environment and Health地理设计、环境和健康",无名单限制,接受跨专业,3.0+【建议3.5+】,TOEFL 100 IELTS 7.0 PTE 68,在简历中罗列相关的实习经历、科研经历、出版物经历、个人荣誉、社区经历、领导力经历等内容,,不强制要求作品集
南加州大学University of Southern California,Iovine and Young Academy创新学院,"M.S. Integrated Design, Business and Technology设计、商业与科技",无名单限制,接受跨专业,3.0+【建议3.5+】,TOEFL 100 IELTS 7.0 PTE 68,在简历中罗列相关的实习经历、科研经历、出版物经历、个人荣誉、社区经历、领导力经历等内容,,不强制要求作品集，建议有相关作品者补充提交
南加州大学University of Southern California,Roski School of Art & Design艺术与设计学院, MFA Fashion时尚,无名单限制,接受跨专业，但建议有设计行业相关学位；或传媒/商业等学位背景,官网无要求，建议GPA不低于3.5,TOEFL 95 IELTS 6.5,详细说明您的就业、教育、课外学院和社区活动、荣誉、奖项、出版物、专业组织、旅行及您希望包含的其他相关信息，非相关背景建议有相关实践/从业经历,非艺术/设计/建筑专业背景建议有相关实践/从业经历,不限项目数
加州大学洛杉矶分校University of California Los Angeles,"School of Theater, Film & Television戏剧，电影与电视学院",MFA Animation动画,无名单限制,接受跨专业,要求GPA不低于3.0，建议GPA不低于3.5,TOEFL: 87（25，总分建议100） IELTS: 7.0,在简历中罗列相关的实习经历、科研经历、出版物经历、个人荣誉、社区经历、领导力经历等内容,在简历中罗列相关的实习经历、科研经历、出版物经历、个人荣誉、社区经历、领导力经历等内容,不限项目数，但必须包含一个original storyboard
加州大学洛杉矶分校University of California Los Angeles,School of the Arts and Architecture艺术与建筑学院,MFA Art纯艺术,无名单限制,接受跨专业,要求GPA不低于3.0，建议GPA不低于3.5,TOEFL 87+(W:25+ S:24+ R:21+ L:17+) IELTS 7.0+,在简历中罗列相关的实习经历、科研经历、出版物经历、个人荣誉、社区经历、领导力经历等内容,在简历中罗列相关的实习经历、科研经历、出版物经历、个人荣誉、社区经历、领导力经历等内容,20张图，最多4个视频（总计12分钟以内）
加州大学洛杉矶分校University of California Los Angeles,School of the Arts and Architecture艺术与建筑学院,MArch Professional Degree建筑学,无名单限制,向拥有 NAAB 认可的五年制建筑学学士学位 (BArch)、建筑学研究生学位或国外同等学历的学生开放。,官网无明确要求，建议GPA高于3.5,TOEFL 95/20 IELTS 6.5/6.0,在简历中罗列相关的实习经历、科研经历、出版物经历、个人荣誉、社区经历、领导力经历等内容,在简历中罗列相关的实习经历、科研经历、出版物经历、个人荣誉、社区经历、领导力经历等内容,不限项目数
加州大学洛杉矶分校University of California Los Angeles,School of the Arts and Architecture艺术与建筑学院,MS in Architecture and Urban Design (MSAUD)建筑与城市设计,无名单限制,向拥有 NAAB 认可的五年制建筑学学士学位 (BArch)、建筑学研究生学位或国外同等学历的学生开放。,官网无明确要求，建议GPA高于3.6,TOEFL 95/20 IELTS 6.5/6.1,在简历中罗列相关的实习经历、科研经历、出版物经历、个人荣誉、社区经历、领导力经历等内容,在简历中罗列相关的实习经历、科研经历、出版物经历、个人荣誉、社区经历、领导力经历等内容,不限项目数
加州大学洛杉矶分校University of California Los Angeles,School of the Arts and Architecture艺术与建筑学院,M.A. in Architecture建筑学,无名单限制,向拥有 NAAB 认可的五年制建筑学学士学位 (BArch)、建筑学研究生学位或国外同等学历的学生开放。,官网无明确要求，建议GPA高于3.7,TOEFL 95/20 IELTS 6.5/6.2,在简历中罗列相关的实习经历、科研经历、出版物经历、个人荣誉、社区经历、领导力经历等内容,在简历中罗列相关的实习经历、科研经历、出版物经历、个人荣誉、社区经历、领导力经历等内容,不限项目数
加州大学洛杉矶分校University of California Los Angeles,School of the Arts and Architecture艺术与建筑学院,MFA Design Media Arts设计媒体艺术,无名单限制,接受跨专业，倾向媒体艺术相关专业背景学生 需具备软件、3D、动画、视频、交互媒体实操技能,官网要求GPA至少3.0，建议GPA不低于3.5,TOEFL 87 WSRL 25/24/21/17 IELTS 7.0,无特殊要求，但建议有交互设计实习实践经历,个人陈述中需要阐述相关实习/研究/艺术经验,不限项目数，不超过10个项目
加州大学洛杉矶分校University of California Los Angeles,"Theater, Film & Television",MFA Design for Theater and Entertainment剧院与娱乐设计,无名单限制,无专业限制,官网无要求，建议达到3.7+,TOEFL 87 IELTS 7.0,在文书中展示对申请专业的相关背景、学术能力、实践经历及强烈兴趣,在文书中展示对申请专业的相关背景、学术能力、实践经历及强烈兴趣,不限制项目数量
加州大学洛杉矶分校University of California Los Angeles,"School of Theater, Film and Television戏剧，电影与电视学院",MA Cinema & Media Studies 电影与媒体研究,无名单限制,接受跨专业,官网要求GPA至少3.0，建议GPA不低于3.5,"TOEFL 87 (W25, S24, R21, L17) IELTS 7.0",无特殊要求，建议有相关的商业实习经验,无特殊要求，建议有相关的商业实习经验,3000-5000字写作文档
加州大学洛杉矶分校University of California Los Angeles,UCLA architecture and Urban Design建筑与城市设计学院,Master of Urban and Regional Planning (M.U.R.P.)城市与区域规划,无名单限制,无专业限制,官网要求GPA至少3.0，建议GPA不低于3.5,TOEFL 100 IELTS 7.5,在简历中罗列相关的实习经历、科研经历、出版物经历、个人荣誉、社区经历、领导力经历等内容,在简历中罗列相关的实习经历、科研经历、出版物经历、个人荣誉、社区经历、领导力经历等内容,不要求作品集
加州大学洛杉矶分校University of California Los Angeles,"School of Theater, Film and Television戏剧，电影与电视学院",MFA Cinematography 电影摄影,无名单限制,接受跨专业,官网要求GPA至少3.0，建议GPA不低于3.5,"TOEFL 87 (W25, S24, R21, L17) IELTS 7.0",无特殊要求，建议有相关的商业实习经验，最好有工作经验,无特殊要求，建议有相关的商业实习经验,论文
加州大学洛杉矶分校University of California Los Angeles,"School of Theater, Film and Television戏剧，电影与电视学院",MFA Producers Program制片人项目,无名单限制,接受跨专业,官网要求GPA至少3.0，建议GPA不低于3.5,"TOEFL 87 (W25, S24, R21, L17) IELTS 7.0",无特殊要求，建议有相关的商业实习经验，最好有工作经验,无特殊要求，建议有相关的商业实习经验,10分钟以内影视作品，两份三页作品
加州大学洛杉矶分校University of California Los Angeles,"School of Theater, Film and Television戏剧，电影与电视学院",MFA Production/Directing – Documentary 制作/导演-纪录片,无名单限制,接受跨专业,官网要求GPA至少3.0，建议GPA不低于3.5,"TOEFL 87 (W25, S24, R21, L17) IELTS 7.0",无特殊要求，建议有相关的商业实习经验，最好有工作经验,无特殊要求，建议有相关的商业实习经验,三页文档作品
加州大学洛杉矶分校University of California Los Angeles,"School of Theater, Film and Television戏剧，电影与电视学院",MFA Production/Directing – Narrative 制作/导演-叙事,无名单限制,接受跨专业,官网要求GPA至少3.0，建议GPA不低于3.5,"TOEFL 87 (W25, S24, R21, L17) IELTS 7.0",无特殊要求，建议有相关的商业实习经验，最好有工作经验,无特殊要求，建议有相关的商业实习经验,三页文档作品
加州大学洛杉矶分校University of California Los Angeles,"School of Theater, Film and Television戏剧，电影与电视学院",MFA Screenwriting 编剧,无名单限制,接受跨专业,官网要求GPA至少3.0，建议GPA不低于3.5,"TOEFL 87 (W25, S24, R21, L17) IELTS 7.0",无特殊要求，建议有相关的商业实习经验，最好有工作经验,无特殊要求，建议有相关的商业实习经验,两篇剧本
芝加哥大学University of Chicago,Forum for Digital Culture数字文化学院,"Master of Arts program in Digital Studies of Language, Culture, and History(2-Year MA in Media and Extended Reality)语言、文化和历史数字研究（媒体与扩展现实2年学位）",无名单限制,人文学科或相关学科（如语言学、历史学、人类学、社会学、传播学或美术）的学士学位。具有科学背景（包括计算机科学）的学生也鼓励他们申请,官网无要求，建议达到3.5+,官网无明确要求，建议100+,在简历中罗列相关的实习经历、科研经历、出版物经历、个人荣誉、社区经历、领导力经历等内容,在简历中罗列相关的实习经历、科研经历、出版物经历、个人荣誉、社区经历、领导力经历等内容,无作品集要求
芝加哥大学University of Chicago,Department of Visual Arts视觉艺术学院,Master of Fine Arts纯艺术,无名单限制,无专业限制,官网无要求，建议达到3.5+,TOEFL 90+ IELTS 7.0+（7.0）,在简历中罗列相关的实习经历、科研经历、出版物经历、个人荣誉、社区经历、领导力经历等内容,在简历中罗列相关的实习经历、科研经历、出版物经历、个人荣誉、社区经历、领导力经历等内容,不限项目数量
西北大学Northwestern University,"Segal Design Institute, McCormick School of Engineering工程学院与设计学院",M.S. in Engineering Design Innovation (EDI)工程设计创新,无名单限制,接受跨专业，倾向工程、技术专业学生,官网无要求，建议GPA不低于3.5,TOEFL 95 IELTS 7.0,无特殊要求，但建议有交互设计实习实践经历,无特殊要求，但建议有交互设计实习实践经历,不限项目数
西北大学Northwestern University,School of Communication传媒学院,MS in Leadership for Creative Enterprises创意企业领导,无名单限制,无专业限制,官网无要求，建议达到3.5+,托福 100（口语26） 雅思 7.5（小分8.0）,无特殊要求，建议有相关实习经历,无特殊要求，建议有相关实习经历,未强制要求作品集，设计背景学生提交作品集提升竞争力
西北大学Northwestern University,School of Communication传媒学院,MFA in Stage Design舞台设计,无名单限制,接受跨专业,官网无明确要求，建议GPA接近于满绩,TOEFL 80 IELTS 7.0,在简历中罗列相关的实习经历、科研经历、出版物经历、个人荣誉、社区经历、领导力经历等内容,在简历中罗列相关的实习经历、科研经历、出版物经历、个人荣誉、社区经历、领导力经历等内容,不限项目数
西北大学Northwestern University,Department of Theatre戏剧系,Master of Fine Arts in Directing导演,无名单限制,接受跨专业,建议3.5+,TOEFL80 IELTS7,2年以上导演工作经验,2年以上导演工作经验,不限项目数量
西北大学Northwestern University,School of Communication传媒学院,MFA in Documentary Media纪录片,无名单限制,接受跨专业,官网无明确要求，建议GPA接近于满绩,TOEFL 80 IELTS 7.0,在简历中罗列相关的实习经历、科研经历、出版物经历、个人荣誉、社区经历、领导力经历等内容,在简历中罗列相关的实习经历、科研经历、出版物经历、个人荣誉、社区经历、领导力经历等内容,10分钟影视作品
西北大学Northwestern University,"Medill School of Journalism, Media, Integrated Marketing Communications新闻，媒体，综合市场传媒学院",M.S. in Journalism新闻,不接受3年制本科,接受跨专业,官网要求3.0，建议不低于3.5,TOEFL 80 IELTS 7.0,在简历中罗列相关的实习经历、科研经历、出版物经历、个人荣誉、社区经历、领导力经历等内容,在简历中罗列相关的实习经历、科研经历、出版物经历、个人荣誉、社区经历、领导力经历等内容,3页写作样本
西北大学Northwestern University,Weinberg College of Arts and Sciences文理学院,"MFA Art, Theory, and Practice艺术理论与实践",无名单限制,无专业限制,官网要求3.0，建议不低于3.6,TOEFL 80（speaking 26）IELTS 7.0（speaking 8.0）,在简历中罗列相关的实习经历、科研经历、出版物经历、个人荣誉、社区经历、领导力经历等内容,在简历中罗列相关的实习经历、科研经历、出版物经历、个人荣誉、社区经历、领导力经历等内容,不限项目数
西北大学Northwestern University,McCormick School of Engineering工程学院,Master of Science in Project Management项目管理,无名单限制,工程或建筑类本科,官网要求3.0，建议不低于3.5,TOEFL 85 IELTS 7.0 需要GRE,在简历中罗列相关的实习经历、科研经历、出版物经历、个人荣誉、社区经历、领导力经历等内容,在简历中罗列相关的实习经历、科研经历、出版物经历、个人荣誉、社区经历、领导力经历等内容,不要求作品集
西北大学Northwestern University,"Segal Design Institute, McCormick School of Engineering工程学院与设计学院",Master of Product Design and Development Management产品设计与开发管理,无名单限制,接受跨专业，建议有一定工作经历,官网无要求，建议GPA不低于3.5,托福 100 雅思 7.0,在简历中罗列相关的实习经历、科研经历、出版物经历、个人荣誉、社区经历、领导力经历等内容,在简历中罗列相关的实习经历、科研经历、出版物经历、个人荣誉、社区经历、领导力经历等内容,网申选交作品集；面试必须提交作品集
约翰霍普金斯大学Johns Hopkins University,Zanvyl Krieger School of Arts and Sciences文理学院,Master of Arts in Film and Media电影与媒体,无名单限制,接受跨专业,建议3.5+,TOEFL100，IELTS7,无特殊要求，建议有相关的商业实习经验,无特殊要求，建议有相关的商业实习经验,不限项目数量
约翰霍普金斯大学Johns Hopkins University,Zanvyl Krieger School of Arts and Sciences文理学院,M.A. in Communication传媒,无名单限制,接受跨专业,官网要求3.0，建议不低于3.5,TOEFL 100 IELTS 7.,在简历中罗列相关的实习经历、科研经历、出版物经历、个人荣誉、社区经历、领导力经历等内容,在简历中罗列相关的实习经历、科研经历、出版物经历、个人荣誉、社区经历、领导力经历等内容,2个作品
纽约大学New York University,"Steinhardt School of Culture, Education, and Human Development斯坦哈特文化，教育与人类发展学院","Media, Culture, and Communication (MA)媒体，文化与传媒",无名单限制,接受跨专业,官网要求3.0，建议不低于3.5,TOEFL 100 IELTS 7.0,无特殊要求,无特殊要求,无要求
纽约大学New York University,Tisch School of the Arts蒂什艺术学院,MFA Game Design游戏设计,无名单限制,接受跨专业,官网无要求，建议GPA不低于3.5,TOEFL 100 IELTS 7.0,简历中列出您参与过的项目（与游戏相关或其他项目），以及所有相关工作经验。,简历中列出您参与过的项目（与游戏相关或其他项目），以及所有相关工作经验。,1-2个项目
纽约大学New York University,"Steinhardt School of Culture, Education, and Human Development斯坦哈特文化，教育与人类发展学院",MS Games for Learning教育游戏,无名单限制,接受跨专业,官网无要求，建议GPA不低于3.5,TOEFL 100 IELTS 7.0,简历中列出您参与过的项目（与游戏相关或其他项目），以及所有相关工作经验。,简历中列出您参与过的项目（与游戏相关或其他项目），以及所有相关工作经验。,1-2个项目
纽约大学New York University,Tisch School of the Arts蒂什艺术学院,MPS in Interactive Telecommunications交互通信,无名单限制,接受跨专业,要求GPA不低于3.0，建议GPA不低于3.5,TOEFL 100 IELTS 7.0,无特殊要求，但建议有实习实践经历,无特殊要求，但建议有实习实践经历,不限项目数
纽约大学New York University,"Steinhardt School of Culture, Education, and Human Development斯坦哈特文化，教育与人类发展学院",MFA Studio Art艺术,无名单限制,接受跨专业,要求GPA不低于3.0，建议GPA不低于3.6,TOEFL 100 IELTS 7.1,无特殊要求，但建议有实习实践经历,无特殊要求，但建议有实习实践经历,不限项目数
纽约大学New York University,Tandon School of Engineering工程学院,MS Integrated Digital Media 综合数字媒体,无名单限制,接受跨专业,要求GPA不低于3.0，建议GPA不低于3.7,TOEFL 100 IELTS 7.2,无特殊要求，但建议有实习实践经历,无特殊要求，但建议有实习实践经历,不限项目数
纽约大学New York University,Tandon School of Engineering工程学院,MS Applied Urban Science and Informatics应用城市科学与信息学,无名单限制,接受跨专业,要求GPA不低于3.0，建议GPA不低于3.8,TOEFL 100 IELTS 7.3,无特殊要求，但建议有实习实践经历,无特殊要求，但建议有实习实践经历,不限项目数
纽约大学New York University,"Steinhardt School of Culture, Education, and Human Development斯坦哈特文化，教育与人类发展学院",MA in Learning Technology and Experience Design学习技术与体验设计,无名单限制,接受跨专业，但推荐有心理学/教育/设计/科技/传媒背景,要求GPA不低于3.0，建议GPA不低于3.5,TOEFL 100 IELTS 7.0,需要申请者有设计等相关背景，并且具有软件开发技能,需要申请者有设计等相关背景，并且具有软件开发技能,不强制要求作品集
纽约大学New York University,"Steinhardt School of Culture, Education, and Human Development斯坦哈特文化，教育与人类发展学院",MA Visual Arts Administration视觉艺术管理,无名单限制,视觉艺术相关专业,官网要求3.0，建议达到3.7+,托福 100 雅思 7.0,在文书中展示对申请专业的相关背景、学术能力、实践经历及强烈兴趣,在文书中展示对申请专业的相关背景、学术能力、实践经历及强烈兴趣,未强制要求作品集，设计背景学生提交作品集提升竞争力
纽约大学New York University,School of Professional Studies专业研究学院,Masters (MS) in Integrated Marketing--Brand Management Concentration综合营销-品牌管理,无名单限制,无专业限制,官网无要求，建议达到3.5+,托福 100 雅思 7.0,在文书中展示对申请专业的相关背景、学术能力、实践经历及强烈兴趣,在文书中展示对申请专业的相关背景、学术能力、实践经历及强烈兴趣,未强制要求作品集，设计背景学生提交作品集提升竞争力
纽约大学New York University,Tisch School of the Arts蒂什艺术学院,MA Arts Politics艺术政治,无名单限制,无专业限制,官网无要求，建议达到3.5+,托福 100 雅思 7.0,简历中列出创意和学术背景、工作经验、创意作品、批判性写作、公民、活动家和社区参与、表演、装置、已出版作品等,简历中列出创意和学术背景、工作经验、创意作品、批判性写作、公民、活动家和社区参与、表演、装置、已出版作品等,写作样本1500-3000字
纽约大学New York University,Art and Science艺术与科学学院,MA Museum Studies博物馆学,无名单限制,无专业限制,官网无要求，建议达到3.5+,托福 100 雅思 7.0 建议提交GRE,在文书中展示对申请专业的相关背景、学术能力、实践经历及强烈兴趣,在文书中展示对申请专业的相关背景、学术能力、实践经历及强烈兴趣,一篇相关专业写作样本，不超过10页
纽约大学New York University,Tisch School of the Arts蒂什艺术学院,MFA Design for Stage and Film舞台和电影设计,无名单限制,无专业限制,官网无要求，建议达到3.5+,建议TOEFL100+ 雅思7,在文书中展示对申请专业的相关背景、学术能力、实践经历及强烈兴趣,在文书中展示对申请专业的相关背景、学术能力、实践经历及强烈兴趣,至少一个
纽约大学New York University,"Steinhardt School of Culture, Education, and Human Development斯坦哈特文化，教育与人类发展学院",MA in Costume Studies服饰研究,无名单限制,无专业限制,官网无要求，建议达到3.5+,TOEFL100， 雅思7,在文书中展示对申请专业的相关背景、学术能力、实践经历及强烈兴趣,在文书中展示对申请专业的相关背景、学术能力、实践经历及强烈兴趣,不限制项目数量
纽约大学New York University,"Steinhardt School of Culture, Education, and Human Development斯坦哈特文化，教育与人类发展学院",MA / MS Costume Studies / Library and Information Science Dual Degree戏服与图书馆信息科学 双学位,无名单限制,无专业限制,官网无要求，建议达到3.5+,TOEFL100 雅思7,在文书中展示对申请专业的相关背景、学术能力、实践经历及强烈兴趣,在文书中展示对申请专业的相关背景、学术能力、实践经历及强烈兴趣,不限制项目数量
纽约大学New York University,Tisch School of the Arts蒂什艺术学院,Graduate Film 电影,无名单限制,接受跨专业,建议3.5+,"TOEFL 100, IELTS 7.0",无特殊要求，建议有相关的商业实习经验,无特殊要求，建议有相关的商业实习经验,·15分钟以内视频作品 or 10张以内图片 · 1-2分钟自我介绍视频 · 2页剧情故事写作 · 2页命题故事编写 · 1页概念剧本创意
纽约大学New York University,Tisch School of the Arts蒂什艺术学院,Cinema Studies 电影研究,无名单限制,接受跨专业,建议3.5+,"TOEFL 100, IELTS 7.0",无特殊要求，建议有相关的商业实习经验,无特殊要求，建议有相关的商业实习经验,15-20页写作样本
纽约大学New York University,Tisch School of the Arts蒂什艺术学院,Masters of Arts in Interactive Media Arts Low Residency 互动媒体艺术（低驻留制）,无名单限制,接受跨专业,建议3.5+,"TOEFL 100, IELTS 7.5",无特殊要求，建议有相关的商业实习经验,无特殊要求，建议有相关的商业实习经验,不强制要求作品集
纽约大学New York University,Tisch School of the Arts蒂什艺术学院,MPS in Virtual Production 虚拟制作,无名单限制,接受跨专业,建议3.5+,"TOEFL 100, IELTS 7.5",无特殊要求，建议有相关的商业实习经验,无特殊要求，建议有相关的商业实习经验,三选一：A. 最长 5 分钟的影片或胶片；B. 包含 10-15 张图片的艺术作品集；C. 最多 15 页的写作样本
纽约大学New York University,"Steinhardt School of Culture, Education, and Human Development斯坦哈特文化，教育与人类发展学院","Master of Arts Art, Education, and Community Practice艺术，教育和社区实践",无名单限制,接受跨专业,建议3.5+,"TOEFL 100, IELTS 7.0",无特殊要求，建议在文书中展示对申请专业的相关背景、学术能力、实践经历及强烈兴趣,无特殊要求，建议在文书中展示对申请专业的相关背景、学术能力、实践经历及强烈兴趣,20页图1280*1024px 单张图5mb以内，pdf10mb以内
纽约大学New York University,"Steinhardt School of Culture, Education, and Human Development斯坦哈特文化，教育与人类发展学院",MA Art Therapy 艺术疗愈,无名单限制,接受跨专业，必须提前完成18个工作室艺术的学分，12个心理学学分以及30个行为或社会科学或文学学分,建议3.5+,"TOEFL 100, IELTS 7.0",无特殊要求，建议在文书中展示对申请专业的相关背景、学术能力、实践经历及强烈兴趣,无特殊要求，建议在文书中展示对申请专业的相关背景、学术能力、实践经历及强烈兴趣,20页图1280*1024px 单张图5mb以内，pdf10mb以内
纽约大学New York University,Tandon School of Engineering工程学院,MS Management of Technology 技术管理,无名单限制,接受跨专业,要求GPA不低于3.0，建议GPA不低于3.8,TOEFL 100 IELTS 7.3,无特殊要求，但建议有实习实践经历,无特殊要求，但建议有实习实践经历,不要求作品集
纽约大学New York University,Art and Science艺术与科学学院,Master's degree in Interdisciplinary Studies 跨学科研究,无名单限制,接受跨专业,要求GPA不低于3.0，建议GPA不低于3.8,TOEFL 100 IELTS 7.3,无特殊要求，但建议有实习实践经历,无特殊要求，但建议有实习实践经历,不要求作品集
纽约大学New York University,Art and Science艺术与科学学院,Master's of Science in Information Systems（MSIS）信息系统,无名单限制,接受跨专业,要求GPA不低于3.0，建议GPA不低于3.8,TOEFL 100 IELTS 7.3,无特殊要求，但建议有实习实践经历,无特殊要求，但建议有实习实践经历,不要求作品集
纽约大学New York University,Wagner Graduate School of Public Service 瓦格纳公共服务研究生院 ,Master's Degree in Urban Planning城市规划,无名单限制,接受跨专业,要求GPA不低于3.0，建议GPA不低于3.8,TOEFL 100 IELTS 7.3,建议至少两年相关专业经验，全职，兼职，实习或者志愿者都可以,建议至少两年相关专业经验，全职，兼职，实习或者志愿者都可以,不要求作品集
