目标院校,目标院校可申请专业,主要对口科系（符合专业主要学术方向）,次要可行科系（申请材料与作品集中必须向该专业主要学术方向靠拢，或体现相关技能与认知）,专业匹配说明,爬藤赛道
达特茅斯学院Dartmouth College,Master of Computer Science with a Concentration in Digital Arts计算机科学之数字艺术,数字媒体，交互,游戏，动画,,AT
哈佛大学Harvard University,Master in Design Studies (MDes)设计研究,数字媒体，工业，交互，建筑,景观，游戏，动画，纯艺,主要方向与该项目强调的以研究为驱动、跨学科设计理念高度契合，这些领域整合了数字媒体、工业流程、交互技术与建筑理论，体现前沿设计思维。来自次要方向的申请者应展示其在景观、游戏或纯艺领域的作品如何补充核心方向，通过创新方法和多元创意技能转化，体现严谨的设计研究能力。,DT，AT，DH，AH
哈佛大学Harvard University,"Ed.M. Learning Design, Innovation, and Technology学习设计、创新与技术",数字媒体，交互,工业，游戏,数字媒体与交互设计直接反映了该项目对创新教育技术与以用户为中心学习环境的追求。具有工业设计或游戏设计背景的申请者应突出其在产品设计或互动娱乐方面的专业能力，并说明如何将这些技能应用于推动学习设计的技术创新。,DT，DH
哈佛大学Harvard University,Master in Design Engineering (MDE)设计工程,工业，交互，建筑,数字媒体，游戏,主要方向聚焦工业设计、交互系统及建筑创新，这正是设计工程项目核心挑战的关键要素。来自数字媒体或游戏设计方向的申请者应着重展示其在创造动态数字体验和交互叙事方面的优势，以及如何利用这些技能解决复杂的设计工程问题。,DT，DH，ADB
哈佛大学Harvard University,Master of Architecture I/IAP建筑学,建筑,"景观,城市,室内",专注于建筑领域与该项目严谨的设计理论与实践课程高度契合。申请者需提交能够展示概念发展、技术熟练度及创新设计解决方案的建筑作品集。,DH，DT
哈佛大学Harvard University,Master of Architecture II建筑学,建筑,,强调建筑专业直接反映了该项目对高水平专业实践与复杂设计方法的要求。申请者必须展示对建筑理论与实践的深刻理解，通过作品集呈现技术能力与创意愿景的有机结合。,DH，DT
哈佛大学Harvard University,Master of Architecture in Urban Design城市设计,"城市,建筑",景观,将建筑与景观两个方向整合，完美契合项目跨学科的城市设计理念。申请者应展示如何将建筑形式与环境背景有机融合，以创造出创新且可持续的城市空间设计。,DH，DT
哈佛大学Harvard University,Master in Landscape Architecture I/IAP景观建筑,景观,"建筑,城市",专注于景观设计与该项目对生态、空间与环境设计的重视高度匹配。申请者应展示其在创作具有场地特色、视觉吸引力及生态敏感性的景观设计方案方面的能力。,DH
哈佛大学Harvard University,Master in Landscape Architecture II 景观建筑,景观,,专注于景观设计与该项目对生态、空间与环境设计的重视高度匹配。申请者应展示其在创作具有场地特色、视觉吸引力及生态敏感性的景观设计方案方面的能力。,DH
哈佛大学Harvard University,Ed.M. with a concentration in Arts and Learning教育学-艺术与教育方向,纯艺,平面，动画，数字媒体,,AH
康奈尔大学Cornell University,MFA in Creative Visual Arts创意视觉艺术,纯艺，摄影,数字媒体，平面，动画,本项目注重当代视觉与跨媒介创作，覆盖纯艺、摄影、数字媒体等领域，亦可融入平面或动画的创意思维，要求作品展现艺术实验性与多元化表达。,AD，AH
康奈尔大学Cornell University,Master of Architecture (Professional)建筑学,建筑,"景观,城市,室内",本专业是专业型建筑学位，强调系统性建筑设计与实践，需通过作品展现对空间构成、技术逻辑及批判思维的综合掌握。,DT，DH
康奈尔大学Cornell University,"Master of Science, Design Technology设计技术",建筑，数字媒体，交互，工业,,项目侧重跨领域设计技术研发，涵盖建筑、数字平台、交互体验及工业流程，需展示对前沿技术与创新设计思维的融合运用。,DT，DH
康奈尔大学Cornell University,"Post-Professional Master of Science, Advanced Architectural Design高级建筑设计",建筑,,面向已有建筑基础的申请者，着重深度探索与前沿研究，作品需呈现对建筑理论与复杂设计方法的高水准掌握与应用。,DT，DH
康奈尔大学Cornell University,Master of Landscape Architecture景观建筑,景观,"建筑,城市",项目聚焦景观设计在生态、文化与空间层面的综合实践，需展现对场地环境与可持续策略的深度理解与创意融合。,DH
康奈尔大学Cornell University,Dual Master's Degree in Landscape Architecture and Regional Planning景观建筑与规划,景观,,双学位要求在景观与区域规划上具备多尺度综合视野，需通过案例展示在环境设计与规划策略层面的统筹能力。,DT，DH
康奈尔大学Cornell University,Master of Professional Studies in Landscape Architecture景观建筑,景观,,强调景观设计的专业应用与实践深化，需通过具体项目经验展现对生态策略与设计执行的综合实力。,DH
康奈尔大学Cornell University,Master of Science in Applied Information Science (Technion) & Master of Science Information Systems (Cornell) with a Concentration in Connective Media应用信息科学和信息系统-连接媒体,交互，数字媒体,游戏,聚焦社交平台与数字传播的用户体验，覆盖交互与数字媒体领域，也可结合游戏化思维，需在信息系统与媒体应用中体现创新设计与技术融合。,DT
康奈尔大学Cornell University,Master of Science in Applied Information Science (Technion) & Master of Science Information Systems (Cornell) with a Concentration in Health Tech应用信息科学和信息系统-健康科技,交互，工业,,专注健康科技领域的数字化转型，要求在医疗场景下融合交互及工业设计思维，需通过对人机交互与服务流程的系统化创新来展现综合能力。,DT
康奈尔大学Cornell University,Master of Science in Applied Information Science (Technion) & Master of Science Information Systems (Cornell) with a Concentration in Urban Tech应用信息科学和信息系统-城市科技,城市，交互,建筑,关注城市技术创新，建筑与交互领域相辅相成，需体现对智能城市、数字基础设施及公共体验设计的系统理解与实践。,DT
康奈尔大学Cornell University,MPS in information Science信息科学,交互,工业，数字媒体,信息科学方向重视用户体验、数据可视化及信息架构，也可结合工业设计背景，需在作品中展现对技术与设计思维的融合与应用。,DT
康奈尔大学Cornell University,MA in Design 设计,室内，工业，建筑,交互,该项目覆盖室内、工业及交互设计多重方向，也可结合建筑思维，需通过从用户洞察到成果落地的系统方法，展现创新实践与多元化设计能力。,DT，DH
康奈尔大学Cornell University,MA in Apparel Design 服装设计,时尚,,,DT，DH
康奈尔大学Cornell University,M.S. in Human Environment Relations人类关系环境,建筑，室内，景观，工业,,,DT，DH
康奈尔大学Cornell University,"Post-Professional Master of Science, Advanced Urban Design 高级城市设计",建筑,,,DT，DH
康奈尔大学Cornell University,Design Technology: Studio M.S. (Ithaca/Cornell Tech (NYC))设计科技：工作室,建筑，数字媒体，交互，工业,,,DT，DH
康奈尔大学Cornell University,City and Regional Planning M.R.P. (Ithaca)城市和区域规划,,建筑，景观，城市,,DH
康奈尔大学Cornell University,Master of Fine Arts in Image Text图像文本,摄影，电影，数字媒体，平面，纯艺,,,AT，DT，DH，AH
麻省理工学院Massachusetts Institute of Technology,Media Arts and Sciences (MAS) - Master's level媒体艺术与科学,数字媒体，交互，工业,"游戏，时尚",项目聚焦前沿数字媒体与交互式技术在科学与艺术领域的融合，工业设计背景也能体现对新兴硬件与工程应用的关注，如具备游戏设计经验则可在沉浸式互动和用户体验方面展现创新潜力。,AT，DT
麻省理工学院Massachusetts Institute of Technology,"Master of science in art, Culture, and Technology艺术、文化与技术",数字媒体，交互，纯艺,策展&艺术管理,该项目整合艺术、文化与技术多重视角，数字媒体、交互、纯艺、摄影背景均可从不同维度探讨当代艺术实践，也可结合策展与艺术管理深化对艺术传播和运营的理解。,AT，AH
麻省理工学院Massachusetts Institute of Technology,Master of Architecture建筑学,建筑,"景观,城市,室内",专业型建筑学位，要求扎实的设计理论与实践能力，作品集中需体现对空间构成、材料技术及批判性思维的深入掌握。,DT，DH
麻省理工学院Massachusetts Institute of Technology,Master of Science of Architecture Studies建筑研究,建筑,,强调建筑理论与研究视角的深度拓展，申请者需展示对建筑历史、文化脉络及当代设计议题的批判分析与创新思考。,DT，DH
麻省理工学院Massachusetts Institute of Technology,Master of Science in Building Technology建筑技术,建筑,,,DT
麻省理工学院Massachusetts Institute of Technology,"Master of Science in History, Theory and Criticism of Architecture and Art建筑与艺术历史、理论和批评",建筑,纯艺,,DH，AH
麻省理工学院Massachusetts Institute of Technology,Master in City Planning (MCP)城市规划硕士,城市,建筑，景观,,DH
麻省理工学院Massachusetts Institute of Technology,Master of Science in Urban Studies and Planning (SM)城市研究与规划,城市,建筑，景观，城市,,DH
麻省理工学院Massachusetts Institute of Technology,Master of Science in Transportation (MST)交通理学硕士,城市,建筑，景观，城市,,DT，DH
麻省理工学院Massachusetts Institute of Technology,Comparative Media Studies - Education比较媒体研究-教育,"交互,数字媒体",传媒,,DT，DH
麻省理工学院Massachusetts Institute of Technology,Comparative Media Studies - Science Writing比较媒体研究-科学写作,"动画,数字媒体",传媒,,AH
斯坦福大学Stanford University,MS Design设计,工业，交互,数字媒体 ,注重以人本驱动的创新设计与工程方法，工业和交互背景可通过系统化思维与原型迭代展现跨学科设计领导力。,DT，DH，ADB
斯坦福大学Stanford University,MFA in Art Practice and Documentary Film and Video纪录电影制作,电影,数字媒体,聚焦纪录片与艺术实践，需通过影像叙事、导演与制作等综合能力表达社会议题与个人视角，作品集应体现鲜明的艺术风格与纪实思维。,AH，AT
斯坦福大学Stanford University,M.A. in Journalism新闻,传媒,电影,专注新闻写作、媒体伦理及数字时代报道创新，申请者应展现深度采访、内容策划及多媒体报道的综合能力与思考。,AT
斯坦福大学Stanford University,MFA Art Practice艺术实践,纯艺，摄影,数字媒体，交互,,AT，AH
斯坦福大学Stanford University,Learning Design and Technology (MS)学习设计与技术,数字媒体，交互,工业，游戏,数字媒体与交互设计直接反映了该项目对创新教育技术与以用户为中心学习环境的追求。具有工业设计或游戏设计背景的申请者应突出其在产品设计或互动娱乐方面的专业能力，并说明如何将这些技能应用于推动学习设计的技术创新。,DT，DH
加州大学伯克利分校University of California--Berkeley,MFA Art Practice艺术实践,数字媒体，纯艺，摄影,,项目侧重当代艺术创作与跨媒介表达，数字媒体、纯艺及摄影背景可呈现丰富的视觉叙事与实验性实践。,AT，AH
加州大学伯克利分校University of California--Berkeley,Master of Architecture建筑学,建筑,工业，交互,专业型建筑学位，强调空间设计、结构逻辑与实践创新，也可结合工业或交互领域拓展技术与用户体验。,DT，DH
加州大学伯克利分校University of California--Berkeley,M.Arch with Advanced Standing高级建筑学,建筑,,面向具备建筑基础的申请者，深入培养高级建筑设计与理论研究能力，作品需体现对复杂项目与前沿议题的综合把握。,DT，DH
加州大学伯克利分校University of California--Berkeley,Master of Advanced Architectural Design (MAAD)高级建筑设计,建筑,,针对已有专业背景的建筑师，强调建筑创新与跨学科研究，需在作品中展示对建筑技术、理论及设计前沿的高水平理解。,DT，DH
加州大学伯克利分校University of California--Berkeley,Master of Science in Architecture建筑学,建筑,,研究导向的建筑硕士，关注建筑理论、技术与环境议题的深层探讨，作品应展现严谨的学术思维与设计实践。,DT，DH
加州大学伯克利分校University of California--Berkeley,MLA(first Professional/second professional)景观建筑,景观,,培养景观设计在生态、文化及空间层面的综合能力，无论初学或进阶背景，均需在作品中体现场地与可持续策略的深度运用。,DT，DH
加州大学伯克利分校University of California--Berkeley,Master of Design设计,交互，数字媒体，工业,建筑,项目覆盖交互、数字媒体及工业设计，也可结合建筑思维，要求在用户体验、系统创新与设计实践方面展示多元化能力。,DT
加州大学伯克利分校University of California--Berkeley,Master in Journalism (MJ)新闻,传媒,,注重新闻专业写作、调查报道与媒体伦理，申请者需展现扎实的采编技能与对数字时代新闻创新的理解。,AT，AH
加州大学伯克利分校University of California--Berkeley,Master of City Planning城市规划,建筑，城市,,,DH
加州大学伯克利分校University of California--Berkeley,Master of Urban Design城市设计,建筑，城市,,,DH
卡内基梅隆大学Carnegie Mellon University,Master of Entertainment Technology娱乐技术,游戏，交互，数字媒体,动画,聚焦娱乐与互动技术，游戏、交互、数字媒体背景契合度高，也可融入动画手法，作品应展现多维度的创意与技术融合。,DT，AT
卡内基梅隆大学Carnegie Mellon University,Master of Fine Arts纯艺术,纯艺，摄影,数字媒体,以艺术创作与理论为核心，纯艺及摄影方向能体现多元表现力，若具数字媒体经验可在作品中加入新媒体探索。,AH
卡内基梅隆大学Carnegie Mellon University,MA in Design设计,工业，交互，数字媒体，平面,,涵盖工业、交互、数字媒体与平面设计，注重跨领域设计思维与实践，作品需展现系统化创新与用户洞察。,DT，DH
卡内基梅隆大学Carnegie Mellon University,Master of Integrated Innovation for Products and Services产品与服务综合创新,工业，交互,数字媒体,面向产品与服务创新，工业与交互背景可结合数字媒体手段提升用户体验与商业价值，作品应体现跨学科整合能力。,DT，DH，ADB
卡内基梅隆大学Carnegie Mellon University,Master of Human-Computer Interaction人机交互,工业，交互,游戏，数字媒体,专注人机交互设计与研究，工业与交互背景可为技术与设计融合打下坚实基础，也可结合游戏或数字媒体拓展更丰富的体验。,DT，DH
卡内基梅隆大学Carnegie Mellon University,Master of Educational Technology and Applied Learning Science教育技术与应用学习科学,交互，游戏，数字媒体,,聚焦教育技术与学习科学，交互与游戏方向能提升学习体验设计，如具数字媒体经验可在多感官教学中运用创新手段。,DT，DH
卡内基梅隆大学Carnegie Mellon University,Master of Arts Management艺术管理,策展&艺术管理,,培养艺术与文化机构的管理与运营能力，策展与艺术管理背景可在艺术经济与市场推广方面发挥综合优势。,ADB
卡内基梅隆大学Carnegie Mellon University,MFA Costume Design戏服设计,戏服设计,,关注舞台与影视服装设计的创意与工艺，需在作品中体现角色塑造、材料运用及整体视觉氛围的把控。,DH，AH
卡内基梅隆大学Carnegie Mellon University,MFA Costume Production戏服制作,戏服设计,,侧重戏服制作流程与技术实现，要求对服装工艺、面料特性及舞台呈现有深入理解与实践经验。,DH，AH
卡内基梅隆大学Carnegie Mellon University,MFA Scenic Design舞台设计,舞台,室内，建筑，纯艺,专注舞台美术设计，可结合室内、建筑或纯艺经验深化空间与视觉效果，作品应体现整体氛围塑造与技术实现。,AT
卡内基梅隆大学Carnegie Mellon University,Masters of Global Communication & Applied Translation全球传播与应用翻译,传媒,,聚焦跨文化传播与翻译实践，强调国际化视野与语言技能，需展现对全球传播策略与多语环境的深度理解。,AH
卡内基梅隆大学Carnegie Mellon University,Master of Advanced Architectural Design (MAAD)高级建筑设计-25F暂停招生,建筑,,,DT，DH
卡内基梅隆大学Carnegie Mellon University,Master of Architecture建筑学,建筑,,,DT，DH
卡内基梅隆大学Carnegie Mellon University,Computational Design计算机设计,建筑，交互,,,DT
卡内基梅隆大学Carnegie Mellon University,Master of Science in Sustainable Design可持续设计,建筑，交互，工业,,,DT，DH
卡内基梅隆大学Carnegie Mellon University,Master of Urban Design城市设计,城市,建筑，景观,,DT
卡内基梅隆大学Carnegie Mellon University,Building Performance & Diagnostics建筑性能与分析,建筑,,,DT，DH
卡内基梅隆大学Carnegie Mellon University,Entertainment Industry Management (MEIM)娱乐产业管理,游戏,时尚管理,,ADB
卡内基梅隆大学Carnegie Mellon University,Master of Science in Product Management产品管理,工业，交互,时尚管理,,ADB
卡内基梅隆大学Carnegie Mellon University,Stage & Production Management舞台与制作管理-25F暂停招生,舞台,,,AT
卡内基梅隆大学Carnegie Mellon University,Video & Media Design视频与媒体设计,数字媒体,舞台,,AT
耶鲁大学Yale University,MFA Graphic Design平面设计,平面,,聚焦视觉传达与排版等平面要素，可结合数字媒体探索更丰富的交互与多媒介应用，作品应展示设计策略与创意思维的平衡。,DT，DH
耶鲁大学Yale University,MFA Fine Art纯艺术,纯艺,数字媒体,注重艺术创作与观念表达，若具备数字媒体经验可在当代艺术语言中融入新媒介探索，作品应展现个人艺术视角与技法深度。,AH
耶鲁大学Yale University,Master of Architecture I Professional Degree Program建筑学,建筑,,专业型建筑学位，强调设计实践与空间构成的系统训练，作品集需呈现对建筑技术、材料及批判思维的综合掌握。,DT，DH
耶鲁大学Yale University,Master of Architecture II Post-Professional Design Research建筑学-设计研究,建筑,,面向已有建筑基础的申请者，深化研究与创新实践，需通过作品体现对建筑理论前沿及复杂设计课题的探讨与突破。,DT，DH
耶鲁大学Yale University,Master of Environmental Design环境设计,"建筑,景观,城市",,,DH
耶鲁大学Yale University,MFA Photography摄影,摄影,,侧重摄影艺术与视觉叙事，作品应展现技术娴熟度与概念构思的深度，可结合当代语境进行多元化表达。,AH
耶鲁大学Yale University,MFA Design in Costume Design戏服设计,戏服设计,,强调舞台与影视服装设计的艺术与工艺结合，作品需体现对人物角色塑造、材料选择及整体美学效果的把控。,DH，AH
耶鲁大学Yale University,MFA Design in Set Design舞台设计,舞台,,专注舞台场景与空间氛围塑造，作品需在造型、色彩与结构上展现对戏剧或演出需求的深入理解。,AT
耶鲁大学Yale University,MFA in Stage Management舞台管理,舞台,,聚焦剧场运作与团队协作的综合能力，作品可展示对演出流程规划、技术统筹及艺术把控的综合思维。,DH，ADB
耶鲁大学Yale University,MFA in Technical Design and Production技术设计与美工,舞台,,侧重舞台技术实现与视觉效果统筹，作品需体现对灯光、音效、布景等方面的技术理解与创意运用。,DT，ADB
耶鲁大学Yale University,MFA Directing导演专业,电影,,注重导演视野与创作实践，需在作品中展现叙事能力、调度技巧及艺术风格，体现对影像语言与制作流程的统筹。,AH，ADB
哥伦比亚大学Columbia University,MA Design and Development of Digital Games数字游戏与开发,游戏,数字媒体，交互,关注游戏设计与数字开发，交互与多媒体技术可提升游戏体验与沉浸感，作品应展示创意玩法及技术融合。,DT
哥伦比亚大学Columbia University,MFA in Visual Arts视觉艺术,数字媒体，纯艺，摄影,,注重多媒介创作与当代艺术表达，数字媒体、纯艺或摄影背景均可展现作品在概念与技法上的多元性与深度。,AH，AT
哥伦比亚大学Columbia University,Master of Architecture建筑学,建筑,,专业型建筑学位，强调建筑设计与建造实践，作品需突出对空间形式、材料技术及设计逻辑的综合理解。,DH
哥伦比亚大学Columbia University,M.S Computational Design Practice 计算设计实践,建筑,,运用计算思维驱动建筑与设计创新，作品需体现对数字建模、算法设计及新兴技术在建筑领域的应用。,DT
哥伦比亚大学Columbia University,MS Advanced Architectural Design高级建筑设计,建筑,,面向有建筑基础的申请者，强调高级设计研究与跨学科探索，作品应展现前沿建筑思维及复杂项目的综合应对能力。,"DH,DT"
哥伦比亚大学Columbia University,"The Masters of Science in Critical, Curatorial, and Conceptual Practices建筑批判、策展和概念实践理学硕士",策展&艺术管理,,,AT，AH
哥伦比亚大学Columbia University,MS Advanced Architecture and Urban Design高级建筑和城市设计,"建筑,城市",景观,,"DH,DT"
哥伦比亚大学Columbia University,The Master of Science in Urban Planning城市规划理学硕士,城市,建筑,,DH
哥伦比亚大学Columbia University,The M.S. in Historic Preservation历史保护计划课程的M.S.,建筑,室内,,DH
哥伦比亚大学Columbia University,Master of Arts in Instructional Technology & Media教学技术与媒体,交互，数字媒体，游戏,,面向教育场景的交互与媒体技术，若结合游戏化学习可进一步提升教学创新，作品应呈现对教育需求及技术手段的有效结合。,DT
哥伦比亚大学Columbia University,MA Art Administration艺术管理,策展&艺术管理,,关注艺术机构运营与文化项目策划，作品可展现对艺术市场、策展规划及资源整合的理解与实践能力。,ADB
哥伦比亚大学Columbia University,M.A. in Studio Practice for Art Educators (Hybrid)艺术教育者工作室实践学硕士（混合）,"数字媒体,交互",纯艺,,DH
哥伦比亚大学Columbia University,Master of Education(Art Pedagogy/Creative Technologies/Community Arts),游戏，交互，数字媒体,,,DH，DT，AH，AT
哥伦比亚大学Columbia University,MA in Modern and Contemporary Art Critical and Curatorial Studies当代艺术批评与策展研究,策展&艺术管理,,专注当代艺术批评与展览策划，作品应展示对艺术理论与展陈策略的深入思考与创意表达。,AH
哥伦比亚大学Columbia University,MFA in Film 电影专业,电影,,强化导演、编剧与制片等综合能力，作品应体现在叙事结构、影像语言及制作流程上的娴熟度与个人风格。,AH
哥伦比亚大学Columbia University,Film and Media Studies电影和媒体研究,电影,,,AH
哥伦比亚大学Columbia University,MFA Threatre(Dramaturgy/Stage Management)戏剧(戏剧/舞台管理),舞台,策展&艺术管理,,"AH, ADB"
哥伦比亚大学Columbia University,M.S. in Strategic Communication战略传播,传媒,,聚焦战略性沟通与品牌管理，作品或项目经验应反映对市场定位、媒体渠道及受众洞察的系统思维与策划能力。,ADB
宾夕法尼亚大学University of Pennsylvania,MSE in Computer Graphics and Game Technology计算机图形学与游戏技术,游戏，动画,数字媒体，交互,项目聚焦计算机图形与游戏开发，游戏和动画背景可展示创意与技术融合，也可结合数字媒体与交互实现更丰富的沉浸式体验。,DT，AT
宾夕法尼亚大学University of Pennsylvania,MFA Fine Art纯艺术,纯艺，摄影,数字媒体,关注艺术创作与个人风格表达，纯艺与摄影方向能呈现多样化视觉语言，强调作品的观念深度与技法探索。,AH
宾夕法尼亚大学University of Pennsylvania,Master of Architecture建筑学,建筑,,专业型建筑学位，注重设计与建造实践，作品需体现对空间形式、技术方法及批判思维的综合掌握。,DH，DT
宾夕法尼亚大学University of Pennsylvania,Advanced Architectural Design (MSD-AAD)高级建筑设计,建筑,,面向已有建筑基础的进阶研究，强调创新设计与理论深度，作品应突出对复杂项目与前沿建筑议题的多维探索。,DH，DT
宾夕法尼亚大学University of Pennsylvania,Robotics and Autonomous Systems (MSD-RAS)机器人与自主系统,建筑，工业，交互,,将机器人与自主系统应用于建筑与工业环境，交互背景亦可助力人机协作与流程优化，需展现跨领域的系统化思维与技术实践。,DH，DT
宾夕法尼亚大学University of Pennsylvania,Master of Landscape Architecture景观建筑,景观,,强调景观设计在生态、社会与空间层面的综合应用，作品应体现对环境与可持续策略的深刻理解与创意运用。,DH
宾夕法尼亚大学University of Pennsylvania,Master of Integrated Product Design综合产品设计,工业，交互,建筑,融合工业与交互设计，注重产品研发与用户体验的整体创新，也可结合建筑思维拓展跨尺度设计思路。,DT，DH
宾夕法尼亚大学University of Pennsylvania,Master of City Planning in concentration with Urban Design城市规划-城市设计方向,城市,建筑,,DH
宾夕法尼亚大学University of Pennsylvania,Master of City Planning in concentration with Smart Cities城市规划-智慧城市,城市，交互,建筑,,DH
宾夕法尼亚大学University of Pennsylvania,"Master of City Planning in concentration with Housing, Community and Economic Development (HCED)城市规划-住宅、社区与经济发展",城市,,,DH
宾夕法尼亚大学University of Pennsylvania,Master of City Planning in concentration with Land Use-Environmental Planning (LU-EP)城市规划-土地使用-环境规划,城市,,,DH
宾夕法尼亚大学University of Pennsylvania,Master of City Planning in concentration with Sustainable Transportation and Infrastructure Planning (STIP) 可持续交通和基础建设规划,城市,,,DH
宾夕法尼亚大学University of Pennsylvania,Master of Urban Spatial Analytics (MUSA) 空间分析,城市,,,"DH,DT"
宾夕法尼亚大学University of Pennsylvania,Master of Science in Design: Historic Preservation(MSD-HP)历史保护,建筑,室内,,DH
宾夕法尼亚大学University of Pennsylvania,Master of Science in Historic Preservation(MSHP)历史保护,建筑,室内,,DH
宾夕法尼亚大学University of Pennsylvania,Master of Environmental Studies环境学习硕士,,建筑，景观，城市,,DH
宾夕法尼亚大学University of Pennsylvania,Master of Science Learning Sciences and Technologies M.S.Ed.学习科学与技术,数字媒体，交互,工业，游戏,,DT，DH
杜克大学Duke University,"MEng Game Design, Development & Innovation游戏，开发与创新",游戏,交互,注重游戏开发与创新实践，游戏方向契合项目核心，也可结合交互技术深化用户体验与玩法多样性。,DT
杜克大学Duke University,Design & Technology Innovation Master of Engineering设计与技术创新,交互，工业,,关注设计与技术融合的工程实践，交互与工业背景可通过原型迭代与系统思维展示创新能力，作品需体现跨学科合作潜力。,DT，ADB
杜克大学Duke University,MFA in Experimental & Documentary Arts实验/纪录片艺术,电影,数字媒体，纯艺，摄影,聚焦实验影像与纪录片创作，电影背景匹配项目核心，也可融合数字媒体、纯艺或摄影手法呈现多元化叙事与艺术表达。,AH
杜克大学Duke University,MA in Digital Art History/Computational Media数字艺术史与计算式媒体,数字媒体,纯艺,,AT
南加州大学University of Southern California,MFA Interactive Media (Games & Health)交互媒体（游戏与健康）,游戏，交互,数字媒体,聚焦互动体验与游戏创作，游戏与交互背景能紧扣核心课程，也可结合数字媒体拓展多样化的沉浸式互动形式。,DT
南加州大学University of Southern California,MS Game Design and Development游戏与开发,游戏,,强调游戏设计与技术实现，适合具备游戏开发或设计基础的申请者，作品需体现对玩法机制与开发流程的深入理解。,DT
南加州大学University of Southern California,MFA Interactive Media交互媒体,游戏，交互，数字媒体,,关注跨平台互动体验与新媒体创作，申请者应展示在游戏、交互与数字内容领域的综合创意与技术能力。,DT，AT
南加州大学University of Southern California,"MA Cinematic Arts (Media Arts, Games and Health)电影艺术（媒体艺术，游戏与健康）",游戏，交互，数字媒体,,专注游戏、交互及数字媒体在影视与健康场景中的应用，需展现对叙事、用户体验及健康介入的创新思考。,DT，AT
南加州大学University of Southern California,MFA Animation and Digital Arts动画与数字艺术,动画，数字媒体,纯艺,强调动画与数字技术的创意结合，动画及数字媒体背景最匹配，也可在纯艺表达中加入数字化探索，作品需展现技术与艺术的融合。,AT，DT
南加州大学University of Southern California,MFA Art艺术,纯艺，摄影,数字媒体,聚焦当代艺术实践与个人风格表达，纯艺或摄影背景能充分挖掘视觉语言的多元潜力，作品需体现观念深度与技法创新。,AH，AT
南加州大学University of Southern California,MFA Design设计,数字媒体，平面，交互,工业,涵盖数字、平面与交互设计的多维度创意，亦可结合工业设计思维，作品应体现从概念到落地的系统化设计方法与创新。,DH，DT
南加州大学University of Southern California,Master of Architecture: First-Professional建筑学,建筑,,专业型建筑学位，注重设计与实践的全面培养，作品需展示对空间、结构及材料等多方面的系统掌握。,DH，DT
南加州大学University of Southern California,Master of Advanced Architectural Research Studies高级建筑研究,建筑,,面向已有建筑基础的深度研究，侧重前沿建筑议题与理论创新，作品应体现对复杂项目与研究思维的多元探索。,DH，DT
南加州大学University of Southern California,Advanced Architectural Studies高级建筑学,建筑,,,DT，DH
南加州大学University of Southern California,Master of Building Science 建筑科学,建筑,工业,强调建筑技术与科学原理，亦可结合工业设计理念优化建造与材料流程，作品需体现技术研究与应用的有机结合。,DT
南加州大学University of Southern California,Master of Heritage Conservation遗产保护,建筑,景观，城市,,DH
南加州大学University of Southern California,Master of Landscape Architecture景观建筑,景观,建筑,聚焦景观规划与设计，需展示对生态、空间与社会因素的综合把控，也可结合建筑思维扩展多尺度协同。,DH
南加州大学University of Southern California,Master of Landscape Architecture + Urbanism Dual degree景观建筑与城市化,景观,,融合景观与城市化议题，作品需体现对城市环境与生态系统的综合设计能力，侧重跨学科的宏观视野。,DH
南加州大学University of Southern California,Master of Advanced Architectural Studies + Master of Urban Planning Dual degree高级建筑研究与城市规划,建筑，城市,,,DT，DH
南加州大学University of Southern California,MS Digital Social Media数字社会媒体,,交互，传媒,注重数字媒体与社交平台的创新应用，交互与传媒背景能从技术与传播双向切入，作品可聚焦多渠道传播及用户体验优化。,DH，ADB
南加州大学University of Southern California,MA Curatorial Practices and the Public Sphere策展实践与公共领域,策展&艺术管理,,强调策展策略与公共领域的对话，作品需体现对艺术、社会议题与空间展示的综合理解与运营思路。,AH
南加州大学University of Southern California,Master of Fine Arts in Fashion时尚,时尚,,,DT，DH
南加州大学University of Southern California,MS Arts Leadership艺术领导,,纯艺，策展&艺术管理,,ADB，AH
南加州大学University of Southern California,MS Entrepreneurship and Innovation创业与创新,策展&艺术管理,时尚管理，工业，交互,面向广泛创新实践，策展与艺术管理背景可在文化项目和品牌孵化上具优势，也可结合时尚、工业或交互设计延伸多维度商业价值。,ADB
南加州大学University of Southern California,MA Cinema and Media Studies电影与媒体研究,传媒,电影,,AH
南加州大学University of Southern California,Product Development Engineering产品开发工程,工业，交互,,,DT，ADB
南加州大学University of Southern California,"MFA in Cinematic Arts, Film & Television Production 电影艺术、影视制作专业",电影,,侧重电影与电视制作的全流程，涵盖导演、摄影、后期等多环节，作品需展现影像叙事、制作管理及个人艺术风格的综合运用。,ADB，AT
南加州大学University of Southern California,MFA Expanded Animation Research and Practice (XA)扩展动画研究+实践（XA）,动画,数字媒体,,DT，AT
南加州大学University of Southern California,MA Environmental Studies环境学,,建筑，景观，城市,,DH
南加州大学University of Southern California,"M.S. in Geodesign, Environment and Health地理设计、环境和健康",,建筑，景观，城市,,"DT,DH"
加州大学洛杉矶分校University of California Los Angeles,MFA Animation动画,动画,,侧重动画创作与技术，作品需展现角色设计、动画叙事及数字制作为核心能力，可在传统与数字动画间探索多元风格。,DT，AT
加州大学洛杉矶分校University of California Los Angeles,MFA Art纯艺术,纯艺，摄影,数字媒体,注重当代艺术实践与个人创作表达，作品应体现观念深度与技法多样性，能融合跨媒介探索与批判性思维。,AT，AH
加州大学洛杉矶分校University of California Los Angeles,MArch Professional Degree建筑学,建筑,,专业型建筑学位，强调设计与实践的系统培养，作品需突出对空间构成、材料技术及建筑理论的综合掌握。,DT，DH
加州大学洛杉矶分校University of California Los Angeles,MS in Architecture and Urban Design (MSAUD)建筑与城市设计,建筑,,面向已有建筑背景的城市设计进阶研究，需展示对城市尺度、空间策略及前沿议题的深度理解与设计创新。,DT，DH
加州大学洛杉矶分校University of California Los Angeles,M.A. in Architecture建筑学,建筑,,偏研究导向的建筑硕士，强调学术理论与设计思维的结合，作品与研究计划应体现对建筑文化、历史与创新课题的多维探索。,DT，DH
加州大学洛杉矶分校University of California Los Angeles,MFA Design Media Arts设计媒体艺术,交互，数字媒体,,聚焦数字技术与交互在艺术表达中的应用，需展现多媒介创作与技术融合的创新能力，作品可结合沉浸式体验或新兴平台。,DT，AT
加州大学洛杉矶分校University of California Los Angeles,MFA Design for Theater and Entertainment剧院与娱乐设计,戏服设计，舞台,,涵盖舞台与影视娱乐的视觉设计，作品应展示在服装、布景或综合舞台效果上的创意实现与空间把控。,DT，DH，ADB
加州大学洛杉矶分校University of California Los Angeles,MA Cinema & Media Studies 电影与媒体研究,电影,数字媒体,强调影视与数字媒体融合的全流程制作，作品需体现叙事结构、影像美学及技术实现的综合运用。,AT，AH
加州大学洛杉矶分校University of California Los Angeles,Master of Urban and Regional Planning (M.U.R.P.)城市与区域规划,建筑，城市,景观,,DH
加州大学洛杉矶分校University of California Los Angeles,MFA Cinematography 电影摄影,电影，摄影,,,AT，AH
加州大学洛杉矶分校University of California Los Angeles,MFA Producers Program制片人项目,电影,,,ADB
加州大学洛杉矶分校University of California Los Angeles,MFA Production/Directing – Documentary 制作/导演-纪录片,电影,,,AH
加州大学洛杉矶分校University of California Los Angeles,MFA Production/Directing – Narrative 制作/导演-叙事,电影,,,AH
加州大学洛杉矶分校University of California Los Angeles,MFA Screenwriting 编剧,电影,,,AH
芝加哥大学University of Chicago,"Master of Arts program in Digital Studies of Language, Culture, and History(2-Year MA in Media and Extended Reality)语言、文化和历史数字研究（媒体与扩展现实2年学位）",数字媒体,交互，游戏,面向语言、文化与历史的数字化研究，数字媒体背景契合核心需求，也可结合交互或游戏化思维探索沉浸式扩展现实与文化表达。,AH
芝加哥大学University of Chicago,Master of Fine Arts纯艺术,摄影，纯艺,,强调艺术创作的实验性与批判性，摄影或纯艺背景能展现多元化视觉语言，作品应体现观念深度与独特的个人风格。,AH
西北大学Northwestern University,M.S. in Engineering Design Innovation (EDI)工程设计创新,工业，交互,建筑，数字媒体,项目结合设计思维与工程创新，工业与交互背景契合度高，也可融入建筑思维拓展跨尺度设计与系统化方案。,DT，ADB
西北大学Northwestern University,MS in Leadership for Creative Enterprises创意企业领导,策展&艺术管理,时尚管理,聚焦创意产业的领导与管理，策展与艺术管理背景可凸显文化项目统筹能力，也可结合时尚管理延伸品牌与市场价值。,ADB
西北大学Northwestern University,MFA in Stage Design舞台设计,舞台,,专注剧场与表演空间的视觉设计，作品需展现对场景构成、灯光氛围及角色塑造的综合把控。,AT
西北大学Northwestern University,Master of Fine Arts in Directing导演,电影,,强调导演在影视与舞台的创作与统筹，作品需体现叙事能力、人物调度与艺术风格的多元结合。,AH
西北大学Northwestern University,MFA in Documentary Media纪录片,电影,,,
西北大学Northwestern University,M.S. in Journalism新闻,传媒,,注重新闻报道与媒体技能，申请者需展示深度采访、写作及对数字媒体趋势的洞察能力。,AH
西北大学Northwestern University,"MFA Art, Theory, and Practice艺术理论与实践",纯艺，摄影,,,AH
西北大学Northwestern University,Master of Science in Project Management项目管理,工业，交互,,,ADB
西北大学Northwestern University,Master of Product Design and Development Management产品设计与开发管理,,工业，交互,,
约翰霍普金斯大学Johns Hopkins University,Master of Arts in Film and Media电影与媒体,电影,,面向电影与媒体领域的综合实践，作品或项目需体现影像创作、叙事结构与媒介融合的综合能力。,AH，AT
约翰霍普金斯大学Johns Hopkins University,M.A. in Communication传媒,传媒,数字媒体,强调传播理论与实践，作品或经验应展现对媒体渠道、信息策划与受众分析的系统思维。,AH
纽约大学New York University,"Media, Culture, and Communication (MA)媒体，文化与传媒",传媒,数字媒体，交互,专注传媒与文化研究的多元议题，作品应呈现对社会、文化与媒体生态的批判性思考与调研能力。,DT，DH
纽约大学New York University,MFA Game Design游戏设计,游戏,,专注游戏设计与创意开发，作品需体现对玩法机制、互动叙事及技术实现的整合能力。,DT，DH
纽约大学New York University,MS Games for Learning教育游戏,游戏,,面向学习与游戏化的结合，作品或项目需展现对教学目标、游戏化策略及用户体验的统筹。,DT，DH
纽约大学New York University,MPS in Interactive Telecommunications交互通信,交互，数字媒体,游戏，工业,强调交互技术与通信创新，交互与数字媒体背景契合，也可结合游戏或工业领域拓展多场景应用。,DT
纽约大学New York University,MFA Studio Art艺术,纯艺，摄影,数字媒体,侧重当代艺术创作与多媒介探索，纯艺与摄影背景可融合数字媒体手段，作品需展现个人风格与实验性思维。,AH，AT
纽约大学New York University,MS Integrated Digital Media 综合数字媒体,交互，数字媒体,,注重数字媒体技术与交互设计的跨学科融合，作品应展示在用户体验、数据可视化及新兴平台运用方面的创新。,DT，AT
纽约大学New York University,MS Applied Urban Science and Informatics应用城市科学与信息学,交互,建筑，城市,聚焦城市数据与技术应用，可在交互设计思维下优化城市系统与用户体验，作品应体现对城市议题的系统分析与解决。,DT，ADB
纽约大学New York University,MA in Learning Technology and Experience Design学习技术与体验设计,交互，数字媒体,游戏,面向教育与体验设计，需结合交互与数字媒体技术，若具游戏背景可在学习场景中运用游戏化策略。,DT，DH
纽约大学New York University,MA Visual Arts Administration视觉艺术管理,策展&艺术管理,,专注艺术机构运营与策划，作品可突出对艺术市场、策展规划及观众互动的理解与执行能力。,ADB
纽约大学New York University,Masters (MS) in Integrated Marketing--Brand Management Concentration综合营销-品牌管理,策展&艺术管理，时尚管理,,聚焦品牌塑造与整合营销，策展或艺术管理背景可结合时尚管理延伸多维度营销策略与文化定位。,ADB
纽约大学New York University,MA Arts Politics艺术政治,策展&艺术管理，传媒,,探讨艺术与政治、社会议题的交集，需展现对公共领域、文化政策与媒体话语的批判性研究与实践能力。,AH
纽约大学New York University,MA Museum Studies博物馆学,策展&艺术管理,,面向博物馆运营与策展研究，作品或经验应体现对馆藏管理、展陈设计及观众体验的综合统筹。,AH，ADB
纽约大学New York University,MFA Design for Stage and Film舞台和电影设计,戏服设计，舞台,,涵盖舞台与影视场景的整体设计，需在作品中呈现对角色服装、布景及灯光氛围的协调掌控。,AH
纽约大学New York University,MA in Costume Studies戏服设计,戏服设计,,专注戏服历史、理论与设计实践，需体现对服装文化与演出场景的深度理解及创意运用。,DH，AH
纽约大学New York University,MA / MS Costume Studies / Library and Information Science Dual Degree戏服与图书馆信息科学双学位,戏服设计,,戏服设计与该项目对服饰文化研究、文献保存及信息管理的交叉需求相契合，能展现申请者对服装艺术与图书馆学的综合理解；申请者需在作品集中突出对服装历史、材料运用及研究方法的掌握，并在文书中强调对信息检索、资料整合及跨学科合作能力的深度思考。,DH，AH
纽约大学New York University,Graduate Film电影,电影,,电影专业与该项目对导演创作、视觉叙事及行业实践的核心要求高度契合，能够充分展示申请者对影像表达和艺术创新的能力；申请者需在作品集中呈现对剧本、分镜及制作流程的系统理解，并在文书中突出个人创意与社会文化思考的融合，以彰显其未来在影视行业的潜力。,AH
纽约大学New York University,Cinema Studies 电影研究,电影,,,AH
纽约大学New York University,Masters of Arts in Interactive Media Arts Low Residency 互动媒体艺术（低驻留制）,交互，数字媒体，游戏,,,AT，DT，DH
纽约大学New York University,MPS in Virtual Production 虚拟制作,数字媒体，交互，游戏,,,AT，DT
纽约大学New York University,"Master of Arts Art, Education, and Community Practice艺术，教育和社区实践",,交互，工业，纯艺，室内，建筑,,AH
纽约大学New York University,MA Art Therapy 艺术疗愈,,纯艺,,AH
纽约大学New York University,MS Management of Technology 技术管理,,交互，工业，数字媒体,,DT，ADB
纽约大学New York University,Master's degree in Interdisciplinary Studies 跨学科研究,交互，数字媒体，纯艺,游戏,,AT，DT，DH，AH
纽约大学New York University,Master's of Science in Information Systems（MSIS）信息系统,,交互,,DT，ADB
纽约大学New York University,Master's Degree in Urban Planning城市规划,建筑，城市,,,AH